quarter,ngdp,rgdp,rcons,rcndsv,rcdur,rinv,rnri,rres,tothours,ngov,nfed,rameynews,mfev,ntaxrev,nfedtaxrev,pgdp,ybus,xbus,nbus,pop,baa,tbond10,tbill3,ffr,aftr15,pubdebt,ENDOGNRRATIO,EXOGENRRATIO,rrtaxu,TAXU,taxnews
1945,,,,,,,,,,,,,,,,,,,,,,,,,,,0,0,,0,0
1945.25,,,,,,,,,,,,,,,,,,,,,,,,,,235.2,0,0,,0,0
1945.5,,,,,,,,,,,,,,,,,,,,,,,,,,235.3,0,0,,0,0
1945.75,,,,,,,,,,,,,,,,,,,,,,,,,,237.7,0,0,,0,0
1946,,,,,,,,,,,,,,,,,,,,,,,,,,240.4,-2.654071075,0,,0,0
1946.25,,,,,,,,,,,,,,,,,,,,,,,,,,241.9,0,0,,0,0
1946.5,,,,,,,,,,,,,,,,,,,,,,,,,,239.8,0,0,,0,0
1946.75,,,,,,,,,,,,,,,,,,,,,,,,,,235,0,0,,0,0
1947,243.1,1934.585389,1199.539524,1430.018166,46.58070614,222.9536704,1.324644803,1.172005804,122.2435005,40.1,26.6,0,,54.7,43,12.566,12.205,21.479,56.822,142985.5781,3.13,,0.38,,,229.3,0,0,0,0,0
1947.25,246.3,1932.522558,1219.642177,1452.379353,47.71247659,205.601907,1.306511821,1.120625859,121.1952527,40.3,26.5,7.8,,54.2,42.1,12.745,12.245,21.581,56.74,143669.8281,3.18,,0.38,,,224.3,0,0,0,0,0
1947.5,250.1,1930.230763,1223.467862,1453.731634,48.33595707,199.5197805,1.28302268,1.292123217,122.1446007,39.8,25.3,0,,53.7,41.2,12.957,12.23,21.388,57.182,144334.75,3.19,,0.74,,,221.2,0,0,0,0,0.27
1947.75,260.3,1960.680928,1223.656384,1440.672516,51.4358256,237.9247673,1.314810221,1.541561713,122.9164863,40,24.8,0,,56.4,43.4,13.276,12.484,21.667,57.619,144961,3.44,,0.91,,,218.8,0,0,0,0,0
1948,266.2,1989.685328,1229.71511,1449.718242,51.04035446,262.630759,1.391767841,1.512455516,121.872893,41.2,25.5,1.8,0.363697723,57.1,43.6,13.379,12.702,22.159,57.323,145587.25,3.53,,0.99,,,217.4,0,0,0,0,0
1948.25,272.9,2021.930799,1244.288978,1468.741691,51.45025404,278.7012411,1.344473255,1.602188355,122.1353902,43.1,26.7,3.5,-1.080736915,56,42,13.497,12.967,22.612,57.345,146213.5,3.4,,1,,,216.3,0,-1.870557426,-1.920288129,-3.741114852,0
1948.5,279.5,2033.170874,1245.869367,1467.550583,52.40590758,281.6674714,1.35097493,1.555491936,123.4913191,44.8,27.5,0,-0.441642767,55.4,41.1,13.747,13.025,22.506,57.872,146844.0781,3.42,,1.05,,,215.2,0,0,0,1.825483753,0
1948.75,280.7,2035.680615,1256.08294,1484.106992,51.6827917,268.0951137,1.383227225,1.442125237,123.0265683,46.8,28.7,0,-2.314884384,55.4,40.8,13.789,13.011,22.627,57.503,147483.3281,3.52,,1.14,,,214.4,0,0,0,0,0
1949,275.4,2007.727637,1258.085152,1491.051985,50.60036084,227.8494396,1.317425952,1.336722207,121.6151935,48.8,30.2,0,-0.426248869,54.4,39.4,13.717,12.784,22.547,56.698,148122.5781,3.46,,1.17,,,214,0,0,0,0,0
1949.25,271.7,2000.883718,1277.265251,1497.169077,55.09067006,197.5120035,1.268801329,1.310208314,120.7785091,50.6,31.3,0,-0.194184086,52.6,37.4,13.579,12.719,22.638,56.184,148761.8281,3.46,,1.17,,,214.3,0,0,0,0,0
1949.5,273.3,2023.095714,1279.67199,1489.292752,57.66671595,213.860314,1.209229059,1.419329922,119.0692916,50.6,30.5,0,-0.473580984,52.5,36.9,13.509,12.878,23.301,55.268,149444.9219,3.41,,1.04,,,215.5,0,0,0,0,0
1949.75,271,2004.734428,1298.869609,1503.301469,60.08166028,203.7932721,1.193695794,1.593433124,117.9191661,50.1,29.8,-2,-0.807013727,51.4,35.6,13.518,12.747,23.361,54.564,150215.6719,3.34,,1.08,,,217.1,0,0,0,0,0
1950,281.2,2084.507042,1320.686671,1523.338513,62.21203049,251.6570566,1.230081074,1.771539206,118.2736578,49.2,28.6,0,-0.860548947,57.1,41,13.49,13.367,24.424,54.729,150986.4219,3.24,,1.1,0.976666667,,218.3,0,0.27252907,0,0,0
1950.25,290.7,2147.289112,1342.426418,1550.556931,62.81486478,278.9482106,1.33401034,1.94523135,120.4921354,49.9,29,7.7,-0.474982266,61.7,45.1,13.538,13.806,24.678,55.944,151757.1719,3.25,,1.15,0.973333333,,219,0,0,0,0,0
1950.5,308.5,2230.335454,1411.293158,1575.476239,77.79834835,302.6234249,1.441742746,2.055853725,123.8267855,50,28.4,179.4,8.801133798,68.7,51.4,13.832,14.387,25.072,57.383,152488.25,3.25,,1.22,1.186666667,,218.6,0,0,0,0,0.35
1950.75,320.3,2273.243435,1368.471954,1561.532835,68.11208836,341.1471322,1.43925806,1.958105647,125.4438156,53.9,31.8,124,0.387468583,73.6,56.1,14.09,14.542,25.189,57.732,153140,3.21,,1.34,1.05,,217.3,1.499680919,0,0,0,0
1951,336.4,2304.741025,1401.794082,1597.55292,70.1671397,306.5388631,1.400702467,1.858703312,128.0838746,62.3,39.6,4.1,-0.159857361,82.4,64.1,14.596,14.695,25.196,58.324,153791.75,3.19,,1.37,1.223333333,,215.6,1.155015198,0,0,0,0
1951.25,344.5,2344.813504,1361.976227,1588.999268,60.09356588,313.6488436,1.418469218,1.609955617,129.497452,70,46.6,0,-0.14872389,79.4,61.1,14.692,14.83,25.297,58.625,154443.5,3.41,,1.49,0.903333333,,214.3,0,0,0,0,0
1951.5,351.8,2393.034487,1377.984085,1616.730435,59.08708497,290.5886764,1.434282653,1.505841627,128.9251294,78.3,54.3,0,-0.023297718,79,60.3,14.701,15.077,26.028,57.926,155100.9219,3.5,,1.6,1.503333333,,213.8,0,0,0,0,0
1951.75,356.6,2398.278297,1385.561882,1628.776213,58.90445465,267.4097317,1.41069026,1.518140492,129.2386328,83.6,59.3,0,0.339611329,83.2,64,14.869,15.076,25.937,58.126,155769.6719,3.56,,1.61,1.253333333,,213.7,1.551724138,0,0,0,-0.35
1952,360.2,2423.467671,1388.906993,1631.54385,59.26724138,274.1600604,1.42485995,1.562633422,129.7321137,85.3,60.9,-0.5,0.608241975,83.8,64.2,14.863,15.207,26.043,58.391,156522,3.54,,1.57,1.116666667,,214.1,0,0,0,0,0
1952.25,361.4,2428.437038,1415.906128,1662.494652,60.36295662,253.6249222,1.450214697,1.592140921,129.2311035,89.2,64.1,-4.6,0.103857425,84.2,64.3,14.882,15.193,26.292,57.786,157142,3.5,,1.65,1.576666667,,214.8,0,0,0,0,0
1952.5,368.1,2446.172249,1422.927461,1688.938653,56.85760543,267.1399215,1.336203395,1.57744588,129.7640013,91.2,66.2,0.8,0.130259076,85.1,64.7,15.048,15.293,26.38,57.972,157801,3.51,,1.78,1.536666667,,215.6,0,0,0,0,0
1952.75,381.2,2526.008879,1473.554895,1712.548735,66.53373082,286.2937459,1.453452966,1.654566942,132.1717913,93.7,68.1,0,0.690965387,88.8,67.9,15.091,15.901,26.776,59.385,158505,3.53,,1.89,1.68,,216.5,0,0,0,0,0
1953,388.5,2573.529412,1491.047276,1727.05783,68.84816242,292.8334124,1.533406353,1.68676731,132.6451367,96,69.7,-7.5,-0.527035576,90.9,69.5,15.096,16.229,27.193,59.681,159164,3.54,,1.98,1.91,,217.5,0,0,0,0,0
1953.25,392.3,2593.719008,1499.678457,1740.980475,68.38742453,294.2151893,1.549545198,1.693059299,132.4946774,98.2,71.9,-4.4,0.2132847,91.5,69.9,15.125,16.353,27.439,59.598,159752,3.76,3,2.15,1.613333333,,218.4,0,0,0,0,0
1953.5,391.7,2579.009745,1496.002558,1737.491687,68.04058837,287.9924953,1.582291126,1.628392484,131.6241375,96.9,70,-11.7,0.052111117,90.9,68.9,15.188,16.211,27.441,59.075,160450,3.86,2.92,1.96,1.583333333,,219.7,0,0,0,0,0
1953.75,386.5,2539.588672,1486.34019,1733.650255,66.12770299,267.1086905,1.568501921,1.618448637,130.013777,97,69.5,-1,0.054739719,85.8,63.8,15.219,15.902,27.37,58.1,161218,3.77,2.64,1.47,1.556666667,,221.2,0,0,0,0,0
1954,385.9,2527.839644,1491.572678,1749.974515,64.01400914,265.3518174,1.526139624,1.636164291,128.9205352,95.1,66.8,0,0.146372834,83.4,61,15.266,15.798,27.361,57.738,161909,3.61,2.44,1.06,1.19,0.421381533,223,-0.985877964,0,0,0,0
1954.25,386.7,2530.593548,1511.325424,1761.776243,67.04980843,264.565425,1.515271718,1.741105223,127.3596868,92.8,63.7,0,0.06722306,83.8,61.1,15.281,15.796,27.74,56.942,162568,3.48,2.35,0.79,0.8,0.416825235,224.5,-0.265957447,0,0,0,0
1954.5,391.6,2559.477124,1531.606086,1788.709697,67.35646176,277.7124029,1.553018205,1.845693382,126.9356899,91.4,61.3,-5,0.280114316,84.8,61.8,15.3,15.985,28.18,56.725,163295,3.49,2.35,0.88,1.03,0.462850332,225.3,0,-0.367647059,-0.372340426,-1.129201681,0
1954.75,400.3,2609.007365,1563.75454,1813.875975,71.6458125,289.5509862,1.550418493,1.962577963,128.1337041,91.6,61.2,0,0.701322782,87.2,63.8,15.343,16.339,28.603,57.124,164101,3.45,2.47,1.02,0.99,0.500538051,226.2,0,0,0,0.718870347,0
1955,413.8,2684.050075,1599.339431,1834.384013,77.92840328,318.5569879,1.576405795,2.102126955,130.0148403,92.2,60.7,4.9,0.459707798,91.9,67.8,15.417,16.889,29.028,58.182,164805,3.47,2.65,1.22,1.34,0.473704845,226.6,0.124192747,0,0,0,0
1955.25,422.2,2727.214004,1629.33824,1857.673016,82.21723936,338.0137623,1.671032786,2.13359593,131.0306009,92.8,60.9,0,-1.9123957,94.4,69.8,15.481,17.213,29.277,58.793,165470,3.5,2.76,1.48,1.5,0.460080564,226.6,0,0,0,0,0
1955.5,430.9,2763.951251,1649.497567,1873.609748,84.85260862,342.9122292,1.751299793,2.086389568,132.8397342,94.4,61.9,0,-0.066844564,96.7,71.4,15.59,17.456,29.247,59.685,166199,3.56,2.95,1.86,1.94,0.405341148,226.1,0,0,0,0,0
1955.75,437.8,2780.918503,1670.763219,1911.125606,82.63308118,351.1661029,1.805220191,2.003746844,134.3368794,93.6,60.5,0,-0.069781452,99,73,15.743,17.547,29.073,60.356,167016,3.6,2.91,2.34,2.36,0.331970364,225.2,0,0,0,0,0
1956,440.5,2770.091812,1673.361788,1931.346527,78.93114898,341.0427283,1.783448996,1.947160055,134.0663865,95.2,61,0.9,-0.791349971,100.3,73.4,15.902,17.433,28.961,60.194,167745,3.59,2.9,2.33,2.48,0.331550002,223.7,0,0,0,0,0
1956.25,446.8,2793.023692,1678.927681,1938.923669,78.95102259,338.3128295,1.816029885,1.941747573,134.4495621,98.6,63.5,0.6,0.783450035,102.3,74.8,15.997,17.577,29.12,60.361,168439,3.72,3.08,2.57,2.69,0.302705228,222.2,0,0,0,0,0
1956.5,452,2790.640242,1682.514201,1949.327167,77.62396371,335.5187042,1.831118174,1.906880661,134.274286,98.6,62.8,3,-0.303808417,102.6,74.6,16.197,17.506,29.122,60.114,169194,3.93,3.27,2.58,2.81,0.345514983,220.8,0.136580924,0,0,0,0
1956.75,461.3,2836.325627,1705.745151,1970.355698,80.09418304,332.0556441,1.832507398,1.875349134,134.2180956,101.7,65.2,0.5,-0.612536944,106.1,77.5,16.264,17.822,29.727,59.951,170053,4.26,3.47,3.03,2.93,0.326707155,219.8,0,0,0,0,0
1957,470.6,2854.716409,1717.36221,1979.659867,81.55763598,326.9651574,1.84385207,1.848887466,133.9094855,105.7,67.9,0,-0.380354626,108.9,79.5,16.485,17.93,29.923,59.92,170802,4.46,3.4,3.1,2.93,0.280234396,219.3,0.196850394,0,0,0,0
1957.25,472.8,2848.021204,1720.365109,1992.776491,79.69180798,326.7343344,1.837490393,1.804391218,133.3993457,106.2,67.5,2.4,-0.227071032,108.9,79.1,16.601,17.84,29.937,59.592,171504,4.53,3.63,3.14,3,0.290999562,219.3,0,0,0,0,0
1957.5,480.3,2875.875696,1734.228832,2013.913231,79.13275038,334.0916751,1.87729891,1.784298176,133.7425286,107.8,68.4,0,0.478515851,109.1,78.9,16.701,18.01,30.247,59.543,172260,4.83,3.93,3.35,3.23,0.288279295,220.2,0,0,0,0,0
1957.75,475.7,2846.62797,1734.876506,2018.581323,78.2251376,308.3470859,1.832271397,1.775195033,131.0973472,110.4,70,10.3,0.187451845,106.5,76.2,16.711,17.772,30.559,58.157,173061,5.04,3.63,3.31,3.25,0.26342988,221.7,0,0,0,0,0
1958,468.4,2772.910253,1710.867515,2008.696782,72.96971942,287.5619746,1.717066389,1.711589219,128.0271863,110.2,68.7,0.7,-0.526315108,103.3,72.6,16.892,17.17,30.335,56.602,173741,4.72,3.04,1.76,1.86,0.265974313,223.9,0,0,0,0,0
1958.25,472.8,2791.027155,1724.807342,2031.948062,71.78056718,282.0746133,1.651750233,1.717663977,127.3355287,114,71.5,0,0.119408721,103.6,72.5,16.94,17.265,30.78,56.092,174404,4.61,2.92,0.96,0.94,0.282492787,226.3,0,0,0,0,0
1958.5,486.7,2855.71789,1753.46814,2064.060556,73.34326136,303.5541127,1.63414466,1.837500999,128.1904045,115.5,71.9,0,-0.218503887,107.6,75.9,17.043,17.708,31.339,56.505,175146,4.69,3.5,1.68,1.32,0.360282362,228.6,0,-0.105999576,-0.109170306,-0.105999576,0.36
1958.75,500.4,2922.385096,1776.915388,2085.202819,76.03639285,329.4214536,1.695614789,2.02762034,129.9986193,118.4,73.9,0,-0.853803985,112.2,79.6,17.123,18.193,31.708,57.377,175957,4.88,3.8,2.69,2.16,0.368457884,231,0,0,0,0,0
1959,511.1,2976.876929,1809.635036,2110.73891,80.05875872,347.5209891,1.748239739,2.255699028,131.5344253,117.6,72.3,1.5,0.223974844,117.7,83.9,17.169,18.615,31.953,58.258,176679,4.87,3.99,2.77,2.57,0.377801389,232.9,0.222042794,0,0,0,0
1959.25,524.2,3048.737932,1837.375676,2136.416987,83.23272235,374.481632,1.798818992,2.341696535,134.2763627,119,73.6,0,0.208029235,121.9,87.5,17.194,19.144,32.099,59.641,177367,4.95,4.26,3,3.08,0.403319865,234.7,0,0,0,0,0
1959.5,525.2,3043.22633,1856.605955,2155.336595,84.70855136,350.186403,1.847700564,2.294455067,133.1336403,119.9,74.5,0,-1.581014866,121.4,85.7,17.258,19.046,32.235,59.085,178102,5.12,4.5,3.54,3.58,0.364759415,236.1,0,0,0,0,0
1959.75,529.3,3054.946323,1858.646271,2175.048022,80.71896621,361.5011702,1.843317972,2.229121885,133.3476621,119,73.8,0,-0.039010041,122.7,86,17.326,19.08,32.322,59.031,178910,5.27,4.58,4.23,3.99,0.392683834,236.8,0,0.116913484,0.117808757,0.116913484,0
1960,543.3,3122.952233,1876.18446,2188.230608,83.40054256,398.0694662,1.90666486,2.301769982,133.2217486,117.4,70.9,0,0.485736771,130.6,93.2,17.397,19.552,33.212,58.871,179590,5.31,4.49,3.87,3.93,0.344971865,236.9,0,0.360599734,0,0,0
1960.25,542.7,3111.27673,1900.137112,2212.431598,85.15323913,360.9016326,1.9357022,2.11117261,134.5786895,118.9,71,2.9,-0.316774332,130,91.9,17.443,19.369,32.576,59.457,180224,5.25,4.26,2.99,3.7,0.32809487,236.8,0,0,0,0,0
1960.5,546,3118.930652,1892.214887,2204.704215,84.49148642,360.0750156,1.902698311,2.04743083,134.7691341,122.9,74.1,0,-2.062790959,129.9,91.3,17.506,19.388,32.656,59.371,180951,5.1,3.83,2.36,2.94,0.295435101,236.6,0,0,0,0,0
1960.75,541.1,3081.43508,1895.184136,2217.184481,82.43278132,320.2292167,1.897488119,2.045328911,133.5506322,124.9,75.3,0,0.572604568,129,89.9,17.56,19.033,32.426,58.697,181789,5.1,3.89,2.31,2.3,0.387983292,236.8,0,0,0,0,0
1961,545.9,3102.057052,1894.474919,2234.762228,77.81096729,328.4870323,1.869476547,2.051972746,133.2529462,126.8,75.3,7.7,-0.433358356,129.7,90.1,17.598,19.143,32.792,58.378,182516,5.06,3.79,2.35,2,0.392274052,237.3,0,0,0,0,0
1961.25,557.4,3159.684825,1922.402579,2266.373813,79.46558021,351.3682891,1.911564626,2.05982164,131.8880644,127.9,76.2,31.1,1.319127258,132.5,92.1,17.641,19.574,33.92,57.706,183220,5.02,3.79,2.3,1.73,0.343529016,238.4,0,0,0,0,0.33
1961.5,568.2,3212.528976,1931.811778,2271.413898,81.47904564,378.6553362,1.929949964,2.177686602,132.8483719,130.6,78.1,3.5,-1.028669133,135.2,93.9,17.687,19.926,34.285,58.119,183964,5.11,3.98,2.3,1.68,0.39727518,240.5,0,0,0,0,0
1961.75,581.6,3277.54297,1970.728961,2307.599162,85.42162063,384.854385,1.989863601,2.250651504,134.4869388,134.2,79.9,-1,-1.214979012,139.3,97.1,17.745,20.332,34.647,58.683,184774,5.11,3.97,2.46,2.4,0.401993483,243,0,0,0,0,0
1962,595.2,3336.884005,1991.817519,2327.054078,87.23482078,405.8414695,2.030197919,2.28598455,136.1760935,137.8,83.3,2,-0.217608188,141.6,98.5,17.837,20.738,34.979,59.288,185448,5.06,4.02,2.72,2.46,0.404057533,245.3,0.069444444,0,0,0,0
1962.25,602.6,3372.887048,2016.083994,2350.49267,89.49281318,402.5141525,2.085243675,2.357114702,137.0351014,139.1,84.1,0,-0.379022709,143.7,99.9,17.866,20.965,35.175,59.602,186092,5.01,3.87,2.72,2.61,0.395095825,248,0,0,0,0,0
1962.5,609.6,3405.015919,2032.642602,2371.049575,90.29181002,409.5420802,2.109375,2.358044164,136.6977277,142.7,87,0,-0.244139319,146.9,102.4,17.903,21.162,35.693,59.289,186795,5.05,3.99,2.84,2.85,0.404170901,250.2,0,-0.228813559,-0.231481481,-0.686440678,0
1962.75,613.1,3417.883822,2060.979673,2392.840493,94.1206572,397.5228053,2.100826053,2.353312801,135.9457429,144.2,87.6,0,-0.000662198,148.7,103.6,17.938,21.221,36.046,58.872,187564,4.96,3.9,2.81,2.92,0.43607679,251.7,0,-0.151693915,-0.152538436,-0.15169,0
1963,622.7,3456.180274,2075.095531,2404.538399,96.10465541,418.3626369,2.107624843,2.431323019,136.6000489,144.4,86.2,0,0.756920887,152.1,106.3,18.017,21.479,36.21,59.318,188204,4.89,3.89,2.91,2.97,0.427856654,253,0,0.431606906,0.101550649,0.54781,0
1963.25,631.8,3500.858869,2095.338163,2422.587859,98.18029472,424.7669217,2.172656489,2.607386274,137.4114885,144.8,85.7,0,-0.016992945,155.2,108.4,18.047,21.779,36.487,59.691,188796,4.85,3.96,2.94,2.96,0.42800352,254,0,0,0,0,0
1963.5,645,3569.649676,2123.396995,2456.341325,99.36060452,438.0234506,2.231506012,2.660896049,137.7609263,150.6,89.8,-7.1,-1.041480928,157.4,109.5,18.069,22.252,37.293,59.669,189500,4.84,4.03,3.29,3.33,0.38624993,254.8,0,0,0,0,0
1963.75,654.8,3594.642073,2141.368721,2473.615517,100.8582914,443.414957,2.297953226,2.746596609,138.4380975,151.7,89.6,0,-0.554454933,159.7,111,18.216,22.412,37.362,59.986,190255,4.84,4.12,3.5,3.45,0.367687672,255.4,0,0,0,0,0
1964,671.1,3672.430776,2183.475224,2514.720252,104.8691847,460.071613,2.344598263,2.908565001,139.3825076,153.3,90,-4.6,-0.019922529,159.5,109,18.274,22.977,37.844,60.714,190858,4.83,4.18,3.53,3.46,0.380064845,256.1,0,0,0,0,0.6
1964.25,680.8,3716.562944,2222.040727,2555.398082,107.6377582,458.2020236,2.400648276,2.767673573,140.9201149,155.1,90.1,0,-1.302758185,156.7,105.3,18.318,23.249,37.954,61.256,191453,4.85,4.2,3.48,3.49,0.341988534,256.8,0,-1.275045537,-1.293103448,-2.550091075,0
1964.5,692.8,3766.855154,2262.860864,2595.32686,111.1956246,468.8736207,2.476968245,2.719962157,141.6072637,156.8,90.8,0,0.118708685,160.7,107.9,18.392,23.592,38.303,61.593,192132,4.82,4.19,3.5,3.46,0.355525941,257.7,0,0,0,0,0
1964.75,698.4,3780.038969,2269.334776,2617.66771,107.778564,473.5238409,2.529222088,2.670783481,142.592467,156.9,89.9,0,0.79243349,163,109.5,18.476,23.637,38.135,61.983,192839,4.81,4.17,3.68,3.58,0.334534526,258.7,0,0,0,0,0
1965,719.2,3873.12187,2319.801607,2645.738989,117.7324263,518.442623,2.690191869,2.689751121,144.3244327,157.8,89.4,2.2,0.551138478,169.7,115.7,18.569,24.35,38.806,62.748,193385,4.79,4.2,3.89,3.97,0.362083852,259.8,0,-0.64683053,0,0,0
1965.25,732.4,3926.656659,2345.241927,2679.85536,117.9189489,519.767537,2.790697674,2.710634026,145.8792448,160.6,90.1,1.4,0.044234109,172.6,117.3,18.652,24.692,38.845,63.565,193895,4.82,4.21,3.87,4.08,0.345692873,260.8,0,0,0,0,-0.23
1965.5,750.2,4006.194596,2385.762386,2718.147545,121.9824433,537.903325,2.891927952,2.726710953,146.0127102,167.6,94.4,14,-0.410995409,172.2,115.8,18.726,25.23,39.761,63.455,194531,4.89,4.25,3.87,4.07,0.313014984,261.7,0,-0.241312741,-0.247140234,-0.241312741,0
1965.75,773.1,4100.673633,2453.111679,2786.973314,127.071112,541.832024,3.007568716,2.668570999,147.6923125,173.5,98.7,0,0.513137989,177.3,119.4,18.853,25.885,40.373,64.114,195188,4.97,4.47,4.17,4.17,0.307982147,262.3,0,0,0,0,0
1966,797.3,4201.844532,2489.161468,2812.5404,133.1467192,584.9186712,3.135795908,2.733571918,149.684951,177.9,101.2,0,0.110934278,187.6,128.4,18.975,26.617,41.107,64.75,195686,5.17,4.77,4.61,4.56,0.345911264,262.9,0.778412039,-0.227036845,0,0,0
1966.25,807.2,4219.329883,2495.542737,2840.77605,127.8172049,576.2357949,3.185887309,2.526996254,150.8347487,182.6,104,1,-0.400677052,193.5,133.1,19.131,26.664,40.888,65.213,196183,5.49,4.78,4.59,4.91,0.308945715,263.7,0,0.11539941,0.116761806,0.11539941,0
1966.5,820.8,4249.107004,2523.938385,2863.28202,132.0065729,572.02205,3.228031,2.43902439,151.6890906,190.4,109.9,11,-0.635394882,197.5,135.5,19.317,26.764,40.962,65.339,196769,5.87,5.14,5.04,5.41,0.289805025,264.3,0,0,0,0,0
1966.75,834.9,4285.714286,2534.338531,2876.808528,131.9496192,575.5197034,3.229902647,2.185238784,152.1258547,194.7,111.1,21.8,0.554930569,201,137.8,19.481,26.933,41.313,65.192,197392,6.14,5,5.21,5.56,0.25989148,265,0.185850576,0,0,0,0
1967,846,4324.711175,2549.039798,2906.386952,129.4916859,561.188399,3.176352381,2.125045175,152.7098798,203.6,117.9,38.8,0.993850896,202.9,138.7,19.562,27.168,41.699,65.153,197888,5.88,4.58,4.51,4.82,0.288586825,265.8,0.183396503,0,0,0,0
1967.25,851.1,4328.874421,2583.786,2931.360119,135.098377,540.933947,3.168821121,2.372196986,151.8880986,204.8,117.9,6,0.926968157,204.7,139.3,19.661,27.136,42.065,64.509,198369,5.98,4.82,3.66,3.99,0.349581808,266.6,0,0,0,0,0.46
1967.5,866.6,4365.963021,2596.729969,2953.499639,133.988628,556.638341,3.16362472,2.49623413,152.8222581,209.4,120.9,3.8,0.842224023,210.4,142.8,19.849,27.335,42.114,64.907,198912,6.33,5.25,4.3,3.89,0.324792296,273.4,0,-0.191136065,-0.194576189,-0.657030223,0
1967.75,883.2,4401.255793,2612.526432,2972.894653,134.2520244,568.9522342,3.225397228,2.641403113,153.5876081,214.4,123.1,-10,0.0109751,217,147.2,20.067,27.542,42.24,65.203,199489,6.72,5.64,4.75,4.17,0.336669981,280.2,0,0,0,0,0
1968,911.1,4490.389354,2675.003737,3024.055371,142.7462328,580.2346845,3.322426378,2.649785526,153.8893679,220.9,126.3,5,0.461026193,228.4,155,20.29,28.164,43.157,65.26,199928,6.83,5.61,5.05,4.79,0.313105971,287,0.227298557,0,0,0,0.33
1968.25,936.3,4566.426063,2715.659679,3067.004693,145.7434494,602.2132949,3.281293821,2.714559912,155.1668376,224.8,127.1,-23.3,-0.578469074,235.2,159.5,20.504,28.678,43.608,65.764,200368,7.02,5.74,5.52,5.98,0.316685915,294.4,0,0,0,0,0
1968.5,952.3,4599.150005,2766.41445,3109.873134,152.1924408,586.021303,3.325914936,2.76731283,156.1979617,228.6,128.5,0,1.382716618,248.5,170.5,20.706,28.864,43.648,66.128,200900,6.86,5.46,5.2,5.94,0.322704673,291.7,0.924515989,0,0,0,0
1968.75,970.1,4619.743797,2778.931106,3130.403273,151.3245204,592.4834193,3.417501751,2.807063785,156.8113482,232.7,129.7,0,0.141356783,255.6,175.5,20.999,28.996,43.593,66.515,201459,7.03,5.77,5.59,5.92,0.347621322,289.1,0,0,0,0,0
1969,995.4,4691.52095,2810.15442,3161.190915,154.2046467,627.2512279,3.504531722,2.899018595,158.7665087,235,129.6,0,-0.102738729,267.9,185.1,21.217,29.495,43.715,67.471,201888,7.38,6.18,6.09,6.57,0.336446494,289.3,0.489073881,0,0,0,0
1969.25,1011.4,4706.813105,2828.282828,3186.464278,153.7258103,623.443197,3.543424912,2.870417515,159.2201178,238.2,129.7,0,0.05772507,273,187.9,21.488,29.533,43.68,67.612,202333,7.59,6.35,6.2,8.33,0.288608909,282.7,0,0,0,0,0
1969.5,1032,4736.117485,2842.021822,3206.750773,153.3202464,636.2854686,3.622802344,2.851891755,159.8072304,244,133.3,0,0.334617771,273.4,185.4,21.79,29.7,43.799,67.81,202881,7.92,6.86,7.02,8.98,0.230929717,280.2,0,0,0,0,0
1969.75,1040.7,4715.237189,2864.715372,3238.475476,152.7051345,605.5259536,3.60452539,2.65343073,159.4093069,244.3,131.9,0,0.251708847,276.8,186.5,22.071,29.489,43.7,67.48,203492,8.37,7.3,7.35,8.94,0.275631547,277.3,0,0,0,0,-0.18
1970,1053.5,4706.907336,2882.398505,3270.707144,150.4163309,587.3515024,3.578758708,2.655586103,158.2140252,249.4,133.5,-5,0.115201589,273.7,180.8,22.382,29.454,43.879,67.126,204004,8.76,7.37,7.21,8.57,0.303931803,277.6,-0.658606114,0,0,0,0
1970.25,1070.1,4715.343263,2895.4484,3281.701773,152.1586463,588.8412017,3.555075225,2.494727328,157.0893512,250.7,131.7,-3,1.249993582,277.2,182.3,22.694,29.516,44.406,66.469,204613,8.98,7.71,6.68,7.88,0.328312635,279.3,0,0,0,0,0
1970.5,1088.5,4757.43007,2921.092564,3313.69532,152.7123033,598.2523737,3.569107299,2.638587798,155.7554903,256.2,132.3,0,1.00756887,275.8,178.7,22.88,29.822,45.167,66.026,205296,9.41,7.46,6.33,6.7,0.337142497,284.1,0,0,0,0,0
1970.75,1091.5,4708.394444,2913.288685,3339.489864,142.5422483,566.6530779,3.444813255,2.901044868,154.9834037,260.4,133.5,0,-0.647709545,276.5,177.9,23.182,29.366,44.906,65.394,206017,9.28,6.85,5.35,5.57,0.38739115,288.4,0,0,0,0,0
1971,1137.8,4834.296397,2968.879577,3358.134946,157.9557531,632.5522398,3.474266223,3.055172827,155.3607921,263.7,133.3,0,0.518743596,284.5,182.9,23.536,30.349,46.186,65.71,206663,8.53,6.02,3.84,3.86,0.41247955,288.6,-0.42793408,-0.018209961,-0.265934276,-0.254939452,0
1971.25,1159.4,4862.031368,2996.288624,3381.295993,161.4914777,650.382384,3.521605526,3.347231194,155.8157178,268,134.2,0,0.918437548,289.6,185,23.846,30.554,46.226,66.097,207262,8.61,6.25,4.25,4.56,0.418079793,298.8,0,0,0,0,0
1971.5,1180.3,4899.950183,3020.214539,3397.85244,165.7077838,658.5206908,3.536864807,3.500576701,155.6424794,271.7,135.5,0,-1.158671375,293.4,185.7,24.088,30.826,46.764,65.918,207885,8.7,6.48,5.01,5.47,0.344388843,307.1,0,0,0,0,0
1971.75,1193.6,4914.361001,3070.421339,3439.530528,172.8470634,640.5992703,3.608454553,3.634505083,156.4708408,274,134.7,0,0.249266435,299.7,188.6,24.288,30.902,46.408,66.588,208547,8.41,5.89,4.23,4.75,0.386201411,314.3,0,0,0,0,0.55
1972,1233.8,5002.432695,3110.709482,3478.704061,176.8031687,682.9768814,3.724305997,3.873929351,158.8463513,284.3,141.4,0,-0.671054908,323.2,208,24.664,31.624,46.866,67.477,209063,8.23,6.03,3.44,3.54,0.397213221,317.2,0.16798253,-0.755921384,-0.694806323,-1.234671594,0
1972.25,1270.1,5118.275237,3170.079398,3541.20014,181.3096884,721.6494845,3.785190442,3.943410939,159.5072406,289,144.6,0,-0.641276442,330,211,24.815,32.559,48.014,67.812,209552,8.22,6.14,3.77,4.3,0.399962693,319.2,0,0,0,0,0
1972.5,1293.8,5165.282657,3219.005012,3589.613439,185.9288538,731.9140919,3.839724167,3.964299403,160.50626,286.3,138.5,0,0.339481842,335,213.6,25.048,32.892,48.134,68.335,210083,8.17,6.29,4.22,4.74,0.368293881,322,0,0,0,0,0
1972.75,1332,5251.123551,3294.71219,3655.630915,195.7301018,736.4507804,4.02492859,4.104497425,161.6227195,293.5,141.7,0,0.748474953,345.5,220.7,25.366,33.543,48.647,68.952,210652,7.99,6.37,4.86,5.14,0.367682725,329,0,0,0,0,0.13
1973,1380.7,5380.53856,3354.982748,3692.794431,208.2049824,779.6069775,4.191770946,4.237820849,163.4598645,301.3,145.9,0,0.449291337,364.5,236.4,25.661,34.62,49.544,69.878,211120,7.97,6.6,5.7,6.54,0.383051306,335.9,0.748783227,0,0,0,0
1973.25,1417.6,5441.424843,3353.245719,3699.29244,205.7735707,812.8750682,4.349040317,4.018997038,165.0082791,304.9,146.5,0,-0.801341321,370.7,240.2,26.052,35.098,49.693,70.63,211581,8.09,6.81,6.6,7.82,0.350872576,337.7,0,0,0,0,0
1973.5,1436.8,5411.87992,3365.403418,3720.885602,203.9384443,783.2967815,4.414558544,3.845584242,165.9821974,305.6,143.4,-5,0.076854107,377.5,243.8,26.549,34.799,48.99,71.033,212097,8.47,7.21,8.32,10.56,0.344750106,335.4,0,0,0,0,0
1973.75,1479.1,5462.569709,3355.560665,3723.526483,199.1672881,811.427581,4.447792156,3.671549132,166.5024599,313.7,146.5,5,-0.647499158,388.6,252.4,27.077,35.136,49.174,71.453,212631,8.44,6.75,7.5,10,0.373514324,337.4,0,0,0,0,0
1974,1494.7,5417.149899,3326.386304,3700.571029,194.5818104,765.0865141,4.444121353,3.432092913,166.7818037,326.1,151.9,0,-0.171371084,396.5,259.2,27.592,34.643,48.488,71.447,213072,8.54,7.05,7.62,9.32,0.411943763,338.5,0.290255701,0,0,0,0
1974.25,1534.2,5431.180969,3337.917556,3711.78711,195.5763212,761.9413849,4.436090226,3.297212189,166.0989545,337.3,154.7,0,-0.973942513,410.1,268.1,28.248,34.703,48.667,71.307,213520,9.06,7.54,8.15,11.25,0.369938165,339.4,0,0,0,0,0
1974.5,1563.4,5378.608043,3351.776149,3726.307307,196.6442082,722.3969718,4.391708815,3.182654756,166.0373448,348.3,159.5,0,0.67091321,425.8,279,29.067,34.209,48.244,70.908,214047,9.81,7.96,8.19,12.09,0.328180969,343.3,0,0,0,0,0
1974.75,1603,5357.08318,3302.629318,3721.481335,177.8965932,726.723158,4.276686001,2.769150007,164.4493486,360.8,166.4,0,-0.61149428,423.1,276,29.923,33.963,48.619,69.855,214619,10.57,7.67,7.36,9.35,0.322093338,349.8,0,0,0,0,0
1975,1619.6,5292.637496,3330.184542,3745.317981,181.7805669,609.7287044,4.031231081,2.61404408,160.7135623,371.7,167.6,0,-0.11745679,418.5,270.4,30.601,33.341,49.294,67.637,215065,10.65,7.54,5.75,6.3,0.352189422,366.9,0,0,0,0,0
1975.25,1656.4,5333.075759,3385.661434,3806.160557,185.3056798,591.639715,3.935661203,2.689301622,159.8956801,375.8,169,0,-1.050679907,389.3,237.3,31.059,33.629,50.128,67.086,215548,10.63,8.05,5.39,5.42,0.350522637,391.5,-2.821375187,0,0,0,0
1975.5,1713.8,5421.358978,3434.105484,3832.100676,196.8857714,637.4693524,3.976918592,2.865830799,160.8588809,387,174.9,0,1.436471278,438.4,281.1,31.612,34.317,50.634,67.774,216187,10.58,8.3,6.33,6.16,0.38227126,414,1.954181949,0,0,0,0
1975.75,1765.9,5494.57046,3470.412202,3861.527224,202.6072141,655.1699599,4.024915197,2.987151158,162.8930037,397.3,179.7,0,-0.279261128,450.5,289.2,32.139,34.9,50.765,68.748,216763,10.58,8.06,5.63,5.41,0.379199594,435.7,0,0,0,0,0
1976,1824.5,5618.513842,3539.87652,3919.091347,212.7326967,718.3792835,4.110583526,3.268957105,164.8513281,402.9,180.5,4,0.081286732,469.8,301.9,32.473,35.914,51.494,69.743,217242,10.26,7.75,4.92,4.83,0.429141164,456.2,0,0,0,0,0
1976.25,1856.9,5660.762735,3572.555703,3958.417081,213.6895255,746.8946978,4.165132994,3.349527985,165.1892785,403.2,182,0,-0.013492078,480.4,308.7,32.803,36.24,51.846,69.9,217691,9.9,7.77,5.16,5.2,0.413513482,475.2,0,0,0,0,0
1976.5,1890.5,5689.821224,3610.221656,3999.73489,216.0552735,749.4920439,4.255807284,3.299906716,165.8944671,404.9,183.6,0,-0.394321965,491.4,316,33.226,36.438,51.888,70.225,218236,9.62,7.73,5.15,5.28,0.41129306,491,0,0,0,0,0
1976.75,1938.4,5732.367293,3657.536343,4050.065586,219.5753625,755.0039137,4.337830708,3.69875563,167.0839139,412.3,189,0,-0.049573335,502.2,322.1,33.815,36.759,52.231,70.378,218828,9.21,7.19,4.67,4.87,0.382718563,504.6,0,0.127300695,0.130542613,0.127300695,0
1977,1992.5,5799.062837,3699.383737,4079.228797,227.5314263,790.0796,4.49714423,3.807749627,167.9382998,422.7,192.9,0,-0.326876793,521.7,336.4,34.359,37.339,52.529,71.083,219342,9.11,7.35,4.63,4.66,0.431727231,518.7,0,-0.041251998,-0.042434066,-0.041251998,0
1977.25,2060.2,5913.148302,3719.63114,4088.701051,232.9074033,846.7505378,4.620119464,4.226680695,171.2360391,433.1,197.7,0,-0.663261325,540.3,350,34.841,38.248,52.626,72.678,219863,9,7.37,4.84,5.16,0.414762318,528.1,0,0,0,0,0.66
1977.5,2122.4,6017.578679,3755.131751,4123.893549,236.3749345,889.5237686,4.713822798,4.214223003,172.7926607,439.1,200,-5,-1.059462789,551.5,356.6,35.27,39.037,53.295,73.247,220462,8.83,7.36,5.5,5.82,0.421828002,546,0,-0.338687827,-0.34909236,-1.02,0
1977.75,2168.7,6018.148518,3811.861293,4181.917342,241.3245798,867.2882609,4.855855539,4.162550669,174.3863955,448.1,204.5,0,0.17220361,567.1,367.7,36.036,38.994,52.701,73.991,221105,8.94,7.6,6.11,6.51,0.433806628,562.1,0,0,0,0.66,1.03
1978,2208.7,6039.154568,3833.968657,4230.045365,234.9677542,884.2071013,4.898780509,4.201847621,175.0353766,454.8,207.7,0,0.338958777,578,376.4,36.573,39.053,52.514,74.367,221633,9.2,8.01,6.39,6.76,0.507780313,579.1,0,0.134883721,0,0,0
1978.25,2336.6,6274.099135,3915.617651,4281.908423,252.463917,941.651993,5.277886798,4.404436586,180.0280994,473.3,214.8,0,1.936232576,613.3,403.1,37.242,40.947,53.536,76.484,222182,9.47,8.32,6.48,7.28,0.479069114,593.6,0,0,0,0,0
1978.5,2398.9,6335.402086,3931.921372,4313.440891,249.0003217,969.1196442,5.457903131,4.454531226,180.7661826,484,218.6,0,-0.998033782,626.9,418.6,37.865,41.371,53.652,77.11,222814,9.5,8.49,7.31,8.1,0.464125723,606.5,0,0,0,0,0
1978.75,2482.2,6420.423683,3963.497612,4348.148482,251.0162602,991.5607759,5.633663366,4.444850924,182.8228756,497.4,225.8,0,-0.294690906,650.3,436,38.661,41.973,53.848,77.948,223473,9.79,8.82,8.57,9.58,0.43537885,616.8,0,0,0,0,0
1979,2531.6,6433.218134,3983.656793,4383.030418,248.0725221,993.1060535,5.763916943,4.339256383,183.2889591,502.9,229.1,11,-0.257998841,669.3,451,39.352,42.028,53.546,78.49,224051,10.16,9.11,9.38,10.07,0.414001405,623.8,0,-0.409836066,-0.782284768,-0.766920954,0
1979.25,2595.9,6440.799921,3981.184029,4397.197547,242.4381352,992.2357963,5.758864351,4.260969977,183.0982986,517.3,234.9,0,0.336896655,682.5,461.4,40.304,42.077,53.448,78.724,224638,10.39,9.11,9.38,10.18,0.420591056,632.6,0,0,0,0,0
1979.5,2670.4,6487.064254,4020.500572,4427.11084,249.1610105,975.4527739,5.928241959,4.209907969,185.5931634,531.8,238.8,0,1.104188378,700.4,472.5,41.165,42.424,53.446,79.377,225299,10.39,9.1,9.67,10.95,0.42895326,641.9,0,0,0,0,0
1979.75,2730.7,6503.834612,4031.337301,4459.917271,242.7261646,958.2021686,5.943827564,4.041617739,186.1159523,550.2,248.1,0,0.339197497,715.1,481.7,41.986,42.485,53.341,79.648,226024,11.82,10.45,11.84,13.58,0.428962052,655.3,0,0,0,0,0
1980,2796.5,6524.883922,4024.954007,4463.102634,239.0048501,951.6292318,6.008883343,3.731104961,185.5004242,571.2,259.7,169.1,2.328209821,734.6,494.9,42.859,42.562,53.693,79.269,226652,13.48,11.99,13.35,15.05,0.464617252,660.2,0,0.062378454,0,0,0
1980.25,2799.9,6392.465753,3934.384713,4422.808568,213.1683517,870.6951477,5.73142044,3.039600614,183.2382733,586.9,271,0,-1.846667334,729.8,490.4,43.8,41.374,53.09,77.931,227278,13.36,10.48,9.62,12.69,0.380129933,689.5,0,0.300443337,0.300873471,0.300443337,0.26
1980.5,2860,6382.788788,3976.917366,4449.478159,222.6766644,813.3059548,5.768929968,3.131672598,182.6764417,591.8,272,0,1.310307684,756.7,510.4,44.808,41.247,53.126,77.64,227955,13.17,10.95,9.15,9.84,0.492250174,713.3,0,0,0,0,0
1980.75,2993.5,6501.107588,4029.683624,4497.511019,229.3983392,889.2149433,5.891204994,3.423177245,184.6384408,613.4,286.8,0,2.030190991,792.7,536.8,46.046,42.227,53.707,78.625,228603,14.67,12.42,13.61,15.85,0.459985882,734.7,0,0,0,0,0
1981,3131.8,6635.731842,4050.776647,4505.497873,235.8942887,971.6840537,6.011344207,3.340292276,185.2763306,636,296.5,74.5,-0.187640687,844.5,578.1,47.196,43.319,54.799,79.051,229077,15.25,12.96,14.39,16.57,0.438241363,766.2,0,0.697742982,0,0,0
1981.25,3167.3,6587.425386,4050.027395,4530.780841,226.7230102,931.2625036,6.134294536,3.234752672,184.2982297,649,309.4,0,0.397470692,854.4,584.5,48.081,42.877,54.329,78.921,229580,15.77,13.75,14.91,17.78,0.443922371,778.5,0,0,0,0,0
1981.5,3261.2,6662.85294,4066.264436,4532.108985,233.6322912,983.5497052,6.273831058,2.982252995,183.5435605,655.2,312.5,0,-0.083095829,877.5,599.6,48.946,43.443,55.024,78.953,230188,16.48,14.85,15.05,17.58,0.42554611,793.1,0,-0.279988675,-0.288415524,-0.839966024,1.44
1981.75,3283.5,6585.043018,4035.822237,4541.110495,216.8339316,948.4219991,6.416363127,2.670699081,184.5071152,678.8,328.5,0,-1.190044232,867.4,586.8,49.863,42.717,54.286,78.688,230817,16.68,14.09,11.75,13.59,0.385974079,822.2,0,0,0,0.556876486,0
1982,3273.8,6474.951049,4062.600839,4555.681316,223.7863857,854.8635531,6.24890666,2.517325256,181.6159703,687.4,332.5,0,-0.73001167,862.4,577.9,50.561,41.74,53.925,77.404,231313,17.03,14.29,12.81,14.23,0.418528408,851.5,0,-1.355591816,0,0,0
1982.25,3331.3,6510.259918,4077.633051,4572.250148,224.6158006,853.7690394,6.050243812,2.435604604,182.9194927,701,339.5,0,-0.185726304,873.6,583.2,51.17,41.978,54.098,77.597,231815,16.78,13.93,12.42,14.51,0.411291927,875.3,0,0,0,0,0
1982.5,3367.1,6486.793689,4109.120233,4607.389942,226.4479736,845.7895938,5.873547564,2.432893437,181.6145833,714.5,347.6,0,0.086255628,869.4,573.5,51.907,41.727,54.118,77.103,232393,16.25,13.12,9.32,11.01,0.410504222,929.3,0,0,0,0,0.78
1982.75,3407.8,6493.150163,4184.060537,4673.987295,236.8305551,780.257718,5.771890952,2.625522311,180.5113561,737.2,362.9,0,-0.823321387,875.4,576.6,52.483,41.742,54.635,76.401,232990,14.39,10.67,7.91,9.29,0.420505226,983.6,0,0,0,0,0
1983,3480.3,6578.146559,4224.87946,4719.211743,239.1625309,807.4764754,5.687104635,3.078530307,181.6725483,748.8,370.1,0,0.15895987,885.3,583.7,52.907,42.379,55.178,76.805,233469,13.83,10.56,8.11,8.65,0.486490518,1035.9,0,-0.913417482,0,0,0
1983.25,3583.8,6728.245565,4308.400856,4777.288229,256.623837,879.1555065,5.766567755,3.436349931,183.4278462,761,378.8,0,0.256464681,922.8,608.8,53.265,43.584,56.179,77.581,233940,13.25,10.54,8.4,8.8,0.459225446,1098.4,0,0,0,0,1.12
1983.5,3692.3,6860.078405,4383.982798,4846.440204,266.5021592,934.2729057,6.01084776,3.771879547,186.2584509,780.9,391.7,0,-0.241398836,927.6,601.6,53.823,44.632,56.4,79.135,234503,13.53,11.63,9.14,9.46,0.470168471,1142.6,0,0,0,0,0
1983.75,3796.1,7001.420166,4453.16745,4898.727178,279.6412745,1025.139824,6.374151682,3.931638875,188.3661349,772.3,380.1,0,-0.724775501,951.7,616.1,54.219,45.746,56.896,80.402,235073,13.61,11.69,8.8,9.43,0.481735229,1168.8,0,0,0,0,0
1984,3912.8,7140.667202,4490.991325,4918.591327,290.1240512,1124.204003,6.576749366,4.048389549,191.7356883,794.2,391.1,0,0.088204641,996.8,648.8,54.796,46.872,57.185,81.966,235529,13.74,11.94,9.17,9.69,0.4795793,1217.7,0,-0.6299874,0,0,0
1984.25,4015,7266.047741,4554.833499,4981.869186,296.922033,1160.68771,6.88290554,4.119648549,194.4092284,819.2,406.9,0,0.059903785,1016.1,659.7,55.257,47.891,57.69,83.015,235997,14.7,13.2,9.8,10.56,0.493561447,1262.3,0,0,0,0,0
1984.5,4087.4,7337.581905,4589.868299,5026.125429,297.0107917,1185.841709,7.093123385,4.072098976,195.1059053,832.7,409.5,0,0.521769782,1026.5,666.3,55.705,48.367,57.983,83.415,236552,14.71,12.87,10.32,11.39,0.460538507,1314.6,0,0.201095973,0.204684123,0.201095973,0
1984.75,4147.6,7395.994936,4650.518655,5077.378936,306.5911021,1170.337015,7.260462487,4.076328135,195.8086949,854.7,423,0,-0.241670665,1048.1,680.4,56.079,48.735,58.093,83.892,237150,13.61,11.74,8.8,9.27,0.452301353,1366,0,0,0,0,0
1985,4237,7469.501446,4729.695886,5149.297827,317.2687301,1138.363365,7.341719437,4.084809221,197.1309902,874.5,432.2,0,0.558666906,1107.4,730.6,56.724,49.279,58.293,84.537,237601,13.39,11.58,8.18,8.48,0.474820852,1410.2,0,0.213618158,0,0,0
1985.25,4302.3,7537.976347,4774.085966,5195.68066,321.0961826,1157.647191,7.447302783,4.119622246,198.297553,898.5,443.8,0,-0.565308862,1070.5,686.9,57.075,49.769,58.568,84.977,238081,13.02,10.81,7.46,7.92,0.459909827,1467,0,0,0,0,0
1985.5,4394.6,7655.297356,4865.716297,5258.076534,341.6483564,1149.881823,7.362202327,4.196008167,199.174376,924.6,458.7,0,-0.35345805,1119,729.2,57.406,50.646,59.522,85.088,238681,12.47,10.34,7.11,7.9,0.437315762,1513.2,0,0,0,0,0
1985.75,4453.1,7712.598289,4878.257678,5303.972168,329.8809575,1192.143917,7.496119142,4.288860077,200.2402183,936.1,462.4,0,0.293803604,1131.7,736.6,57.738,51.022,59.739,85.409,239299,11.98,9.76,7.17,8.1,0.396718293,1588.3,0,0,0,0,0
1986,4516.3,7784.039986,4919.560577,5339.155971,336.5533363,1191.922259,7.42125127,4.461472794,199.9300844,944.2,459.7,0,0.165139569,1147.8,744.7,58.02,51.517,60.297,85.439,239785,11.02,8.56,6.9,7.83,0.272626221,1629.6,0,0.095767968,0,0,0
1986.25,4555.2,7819.817345,4974.545202,5377.990152,348.474089,1170.993537,7.270848105,4.719277424,200.6052002,965.8,474.5,0,-0.448173355,1156.1,748.8,58.252,51.724,60.68,85.241,240275,10.27,7.6,6.14,6.92,0.240097567,1690.8,0,0,0,0,0
1986.5,4619.6,7898.507361,5064.654427,5415.141127,378.1829907,1139.499373,7.18788805,4.783273435,200.9585844,993,492.9,0,-0.095275011,1178.1,762.5,58.487,52.298,61.024,85.701,240858,10.18,7.31,5.52,6.21,0.169922113,1751.1,0,0,0,0,0
1986.75,4669.4,7939.401153,5097.092384,5471.469043,372.1671926,1143.008388,7.257470226,4.796591534,202.6874593,994.8,486.4,-89.4,0.397898671,1215.1,788.1,58.813,52.534,60.85,86.333,241454,10.09,7.26,5.35,6.27,0.236751974,1802.3,0,0.499329095,0.505421593,0.499329095,0.27
1987,4736.2,7994.935854,5097.935866,5529.144661,350.1213085,1173.807599,7.085931469,4.788245798,204.9817913,1008,489.6,0,0.845356123,1222.4,791.5,59.24,52.901,60.575,87.331,241931,9.66,7.19,5.54,6.22,0.293784589,1833,0,-0.156053578,-0.158475117,-0.16,0
1987.25,4821.5,8084.746047,5168.592313,5581.452334,364.4769826,1174.432657,7.228572108,4.80432524,205.5099014,1025,499.2,0,-1.025204922,1309.2,860,59.637,53.567,60.959,87.873,242428,10.36,8.34,5.66,6.65,0.287201852,1877.9,0,0,0,0,0
1987.5,4900.5,8157.982354,5228.51279,5618.510205,379.5058595,1174.618065,7.429358735,4.764990661,206.1947414,1036,502.2,0,0.092668858,1303.6,853.3,60.07,53.986,61.052,88.426,243013,10.91,8.88,6.04,6.84,0.314264238,1902.8,0,-0.419480683,0,0,0
1987.75,5022.7,8292.799709,5239.426369,5658.498607,369.2486991,1254.672711,7.419218187,4.771792065,209.3103462,1054,509.8,0,-0.011349336,1328.4,870.5,60.567,54.972,61.541,89.326,243631,11.38,9.12,5.86,6.92,0.25208962,1944.6,0,0,0,0,0
1988,5090.6,8339.367331,5332.698684,5731.697664,386.7307929,1194.441888,7.479130719,4.687031484,209.7707957,1057,504,-242,-0.326382023,1347.8,884.6,61.043,55.199,61.753,89.386,244130,10.75,8.42,5.72,6.66,0.267414719,1988.7,0,0.385710535,0.221170977,0.218102508,0
1988.25,5207.7,8449.531907,5371.840452,5780.431837,386.8794558,1222.81542,7.646901926,4.745101681,212.7127958,1070.8,505.4,0,1.512577775,1365.8,895.2,61.633,56.044,61.846,90.619,244620,10.98,8.91,6.21,7.16,0.285555393,2021.2,0,0,0,0,0
1988.5,5299.5,8498.372328,5417.588762,5850.691099,381.8646751,1229.652643,7.694173076,4.748206745,212.9644384,1078.4,505.8,0,0.068626323,1395.4,910.6,62.359,56.32,62.029,90.796,245242,11.07,9.1,7.01,7.98,0.27511102,2061.5,0,0,0,0,0
1988.75,5412.7,8610.859225,5479.732626,5903.895644,391.7745081,1248.50874,7.801434668,4.779210344,215.2227851,1106.4,520,-58.8,-0.368416124,1423.4,928,62.859,57.097,62.165,91.848,245878,10.51,8.96,7.73,8.47,0.284018666,2086.8,0,0,0,0,0
1989,5527.4,8697.718332,5505.032266,5939.709412,389.9654451,1290.728426,7.924927728,4.732879819,217.2170699,1116.9,517.5,0,0.695385231,1482.4,971,63.55,57.746,62.285,92.713,246377,10.64,9.21,8.54,9.44,0.300031722,2122.9,0,0,0,0,0
1989.25,5628.4,8766.022396,5530.850042,5959.372897,395.1774413,1278.302068,8.033043242,4.584393706,218.453484,1146.1,531.8,0,0.021305662,1491.8,970.2,64.207,58.203,62.613,92.957,246914,10.37,8.77,8.41,9.73,0.229987368,2151.7,0,0,0,0,0
1989.5,5711.6,8831.642751,5585.92426,6006.64694,404.1146803,1266.941287,8.239151746,4.563070384,218.7107946,1164.6,538.5,0,-0.441679613,1502.1,980.4,64.672,58.647,62.866,93.289,247577,9.89,8.11,7.84,9.08,0.210567981,2189.7,0,0,0,0,0
1989.75,5763.4,8850.158165,5610.486891,6067.087049,391.8803725,1257.608284,8.156926941,4.466391248,219.8239341,1180.2,537.7,-507.6,-2.105334154,1514.7,994.8,65.122,58.698,62.93,93.275,248276,9.81,7.91,7.65,8.61,0.189897075,2237.5,0,0,0,0,0
1990,5890.8,8947.008703,5658.713771,6087.976464,408.4220202,1269.929016,8.26049146,4.50553512,219.9895678,1214,552.6,0,1.181943139,1545.6,1003.7,65.841,59.372,63.586,93.373,248833,10.1,8.42,7.76,8.25,0.254759878,2317.3,0,0.180183332,0,0,0
1990.25,5974.7,8981.809982,5676.5154,6142.149547,394.9067801,1270.501039,8.153700927,4.328086106,218.7395029,1228.6,559.5,0,-0.887130883,1567.2,1020.7,66.52,59.559,64.19,92.785,249573,10.31,8.68,7.75,8.24,0.246753976,2379.7,0,0,0,0,0
1990.5,6029.5,8983.967578,5699.322879,6179.881075,390.933139,1245.705323,8.209342083,4.095139968,218.798818,1240.4,558,0,-0.238529119,1591.4,1034,67.114,59.457,64.554,92.104,250441,10.42,8.7,7.48,8.16,0.252914488,2446.6,0,0,0,0,0
1990.75,6023.3,8907.308272,5656.12441,6151.080611,380.1100256,1176.324544,8.082136244,3.859502258,218.1724361,1270.4,570,112.1,0.084130707,1597.3,1032,67.622,58.72,63.972,91.791,251343,10.6,8.4,6.99,7.74,0.246109396,2528.8,0,0,0,0,0
1991,6054.9,8865.672953,5636.663962,6150.834328,369.6824352,1137.129504,7.919266453,3.655865378,216.5387016,1287.2,582.9,0,-0.427538017,1591,1028.9,68.296,58.257,64.141,90.827,252132,10.2,8.02,6.02,6.43,0.254253119,2585.3,0,0.597826087,0.602121108,0.597826087,0
1991.25,6143.6,8934.326101,5684.039088,6205.370673,371.496697,1137.267416,7.880042935,3.76836168,215.5572189,1296.6,585.5,0,0.473470637,1601.7,1031.2,68.764,58.835,65.172,90.277,252921,9.92,8.13,5.56,5.86,0.291362375,2654.5,0,0,0,0,0
1991.5,6218.4,8977.175937,5711.58609,6226.504569,377.2159392,1159.858491,7.81222878,3.895835842,215.7458521,1302.4,580.9,0,0.000861028,1621.1,1039.5,69.269,59.168,65.593,90.205,253809,9.68,7.94,5.38,5.64,0.267145216,2755.5,0,0,0,0,0
1991.75,6279.3,9016.412274,5710.082302,6238.457974,371.1216813,1201.025805,7.808657425,3.973407011,215.5907462,1306.5,573.7,-112.1,0.164320479,1643.9,1051.2,69.643,59.447,66.016,90.049,254706,9.4,7.35,4.54,4.82,0.228352547,2824.6,0,0,0,0,0
1992,6380.8,9122.987618,5817.357275,6338.525109,385.6706488,1178.920391,7.779193761,4.200530265,214.9341286,1326.9,578.6,0,0.720461903,1661.3,1065.6,69.942,60.327,67.382,89.53,255455,9.2,7.3,3.89,4.02,0.268083155,2904.4,0,0,0,0,0
1992.25,6492.3,9223.589248,5857.239095,6381.839114,388.341989,1245.788348,8.03214165,4.344245419,216.0151054,1338.7,582.2,0,-0.312065803,1690.8,1080.7,70.388,61.112,67.868,90.045,256289,9.13,7.38,3.68,3.77,0.228932366,2987.9,0,0,0,0,0
1992.5,6586.5,9313.09475,5920.564527,6441.927116,396.6262373,1255.778026,8.156461103,4.345160027,215.9896963,1355.4,592.7,0,-1.486695204,1702.9,1089.4,70.723,61.763,68.484,90.186,257225,8.7,6.62,3.08,3.26,0.188294381,3059.4,0,0,0,0,0
1992.75,6697.6,9406.609458,5991.053995,6511.321021,404.5254887,1294.221265,8.370739998,4.510759919,217.2266289,1360.5,593,0,0.112693822,1741.3,1121.7,71.201,62.492,68.841,90.778,258140,8.87,6.74,3.07,3.04,0.228753939,3121.3,0,0,0,0,0
1993,6748.2,9424.070609,6013.821396,6530.695322,408.4648716,1324.607714,8.453433187,4.514379813,218.7129305,1351.5,577,0,-0.60822637,1731.8,1112.8,71.606,62.456,68.31,91.431,258917,8.4,6.28,2.96,3.04,0.203383893,3172.7,0,0,0,0,0
1993.25,6829.6,9480.157133,6067.878191,6568.189068,421.6505796,1332.156767,8.618570605,4.574550361,221.1838754,1360.9,575.6,0,0.251213962,1786.5,1158.2,72.041,62.856,68.012,92.42,259686,8.14,5.99,2.97,3,0.169609353,3263.1,0,0,0,0,0
1993.5,6904.2,9526.31942,6134.702046,6640.525157,426.3565891,1323.087324,8.688271269,4.745204228,221.5861771,1370.6,578.9,0,0.108018577,1805.6,1167.3,72.475,63.166,67.998,92.893,260563,7.62,5.62,3,3.06,0.1636585,3307.6,0,0.341593504,0.344270464,1.024780511,0.19
1993.75,7032.8,9653.411665,6189.083821,6685.216727,436.6519797,1392.545714,9.000748706,4.989351498,223.0904759,1381.3,582,0,0.340580695,1874.6,1220.9,72.853,64.246,68.589,93.668,261421,7.55,5.61,3.06,2.99,0.224207163,3375.6,0,0.077938884,0.079242857,-0.592629629,0
1994,7136.3,9748.244679,6260.150538,6749.833419,447.0291693,1446.291929,9.102222799,5.063697333,224.2638674,1373.9,564.4,0,0.275848725,1877.3,1213.7,73.206,65,68.89,94.353,262131,7.85,6.07,3.24,3.21,0.281705171,3415.5,0,0.193893793,0,0,0
1994.25,7269.8,9881.339115,6308.637504,6799.418815,451.8354163,1517.14296,9.241319726,5.226997386,227.5997207,1392.4,569,0,0.730252112,1931.5,1261.2,73.571,66.081,68.808,96.037,262887,8.6,7.08,3.99,3.94,0.271758348,3454.1,0,0,0,0,0
1994.5,7352.3,9939.704471,6357.436833,6849.203771,456.6028687,1492.167195,9.397094327,5.150052069,229.7822619,1424.4,584,0,-0.447911413,1956.5,1268.9,73.969,66.478,68.431,97.145,263726,8.84,7.33,4.48,4.49,0.307370186,3494.7,0,0,0,0,0
1994.75,7476.7,10052.57072,6425.920034,6898.606331,472.6388629,1553.527287,9.76276881,5.07066835,230.8492112,1424.2,573.4,0,0.771343648,1989.9,1294.6,74.376,67.434,68.998,97.733,264555,9.21,7.84,5.28,5.17,0.313578337,3538.4,0,0,0,0,0
1995,7545.3,10086.89491,6442.858274,6940.953335,462.9036344,1570.323222,10.12643296,4.956182907,232.709858,1440,577.6,0,0.996742135,2022,1317.5,74.803,67.619,68.694,98.435,265270,8.88,7.48,5.74,5.81,0.301288038,3584.1,0,0,0,0,0
1995.25,7604.9,10122.05186,6500.747816,7002.060622,467.5671443,1537.699466,10.2244549,4.804008704,232.8233293,1455.6,579.7,0,0.006960552,2045.1,1346,75.132,67.843,68.862,98.52,266008,8.23,6.62,5.6,6.02,0.251187146,3648.9,0,0,0,0,0
1995.5,7706.5,10208.77214,6560.343926,7046.940164,480.7368555,1528.590698,10.29229916,4.981152807,234.8805197,1457.3,576.9,0,0.550381291,2068.2,1354.9,75.489,68.566,68.927,99.476,266851,8.05,6.32,5.37,5.8,0.253108799,3671.8,0,0,0,0,0
1995.75,7799.5,10281.30396,6606.343672,7085.80103,489.0741935,1566.631086,10.49600991,5.077158855,234.5055573,1455.7,567.3,0,0.388955898,2091.4,1372,75.861,69.212,69.559,99.501,267705,7.64,5.89,5.26,5.72,0.236486167,3679.3,0,0,0,0,0
1996,7893.1,10348.62073,6667.701662,7149.955344,494.398861,1590.59166,10.75727531,5.209624278,233.2735383,1472.9,577.2,0,0.058147745,2138.3,1410,76.272,69.788,70.229,99.372,268370,7.71,5.91,4.93,5.36,0.243300453,3731.2,0,0,0,0,0
1996.25,8061.5,10529.37489,6740.055266,7205.665382,510.1263436,1667.724718,11.04785683,5.437121064,235.6721767,1492.5,582.5,0,0.088047204,2202.3,1463.8,76.562,71.22,71.162,100.082,269116,8.3,6.72,5.02,5.24,0.291100442,3757.4,0,0,0,0,0
1996.5,8159,10626.74204,6780.695692,7247.903143,513.7978235,1744.439186,11.39613709,5.425490722,237.6161734,1500.5,576.9,0,-1.000785907,2217.9,1473,76.778,72.03,71.463,100.793,269976,8.29,6.78,5.1,5.31,0.284206569,3800.7,0,0,0,0,0
1996.75,8287.1,10739.03691,6833.996466,7292.37131,523.7733556,1743.946268,11.68269645,5.363973314,240.0861217,1519.8,576.3,0,0.135324377,2259.5,1502.8,77.168,72.956,71.521,102.006,270861,7.92,6.34,4.98,5.28,0.271862596,3818.9,0,0,0,0,0
1997,8402.1,10820.89456,6905.991343,7351.696789,537.9894019,1781.638124,11.94770988,5.392084526,241.5294954,1532.2,572.1,0,0.160998339,2311,1545.2,77.647,73.58,71.341,103.138,271589,8.07,6.56,5.06,5.28,0.306931853,3833.3,0,0,0,0,0
1997.25,8551.9,10984.1119,6937.469227,7393.458678,536.275174,1880.025542,12.1989953,5.467201198,242.9914494,1552.2,585.7,0,-0.163853832,2351.1,1578.7,77.857,74.92,72.235,103.718,272349,8.19,6.7,5.05,5.52,0.284886867,3830.3,0,0,0,0,0
1997.5,8691.8,11124.08012,7056.149497,7490.575309,560.1711203,1913.580974,12.74056135,5.520596632,244.5095954,1559.8,585.4,0,0.271463398,2402.9,1615.1,78.135,76.022,72.902,104.28,273234,7.76,6.24,5.05,5.53,0.291083038,3842.6,0,0,0,0,0.03
1997.75,8788.3,11210.28127,7139.933969,7564.124908,574.4922928,1940.738644,12.82777633,5.578852995,245.5950342,1572.4,586.5,0,-0.449976803,2438.7,1639,78.395,76.659,73.251,104.653,274117,7.44,5.91,5.09,5.51,0.270764351,3836,0,0,0,0,0
1998,8889.7,11321.14158,7213.483146,7644.616659,579.0923863,2027.110217,13.23508542,5.69310857,247.266692,1566.7,571.5,0,0.37973932,2484.7,1668,78.523,77.515,73.701,105.175,274837,7.25,5.59,5.05,5.52,0.251413107,3825.6,-0.243399676,0,0,0,0
1998.25,8994.7,11430.98606,7340.969472,7742.483676,608.3277314,2013.448333,13.67192214,5.890609112,248.3195792,1604.4,586.6,0,0.050194344,2523,1694.5,78.687,78.361,74.1,105.75,275568,7.25,5.6,4.98,5.5,0.242580369,3823,0,0,0,0,0
1998.5,9146.5,11580.63332,7437.560128,7826.551026,625.6026905,2067.228289,13.87796468,6.06404402,248.696332,1628.6,584.7,0,-0.3346747,2566.4,1730.5,78.981,79.576,75.166,105.866,276416,7.13,5.2,4.82,5.53,0.190169916,3789.8,0,0,0,0,0
1998.75,9325.7,11770.71237,7546.734796,7889.080145,662.598362,2125.512307,14.27688027,6.205723603,251.6189129,1654.3,593.6,0,-0.04823275,2603.9,1757.5,79.228,81.195,75.697,107.264,277269,7.25,4.67,4.25,4.86,0.112095691,3772.7,0,0,0,0,0
1999,9447.1,11864.6388,7618.680622,7973.267784,663.9887918,2186.023436,14.58985044,6.230069765,251.5440304,1676,594.5,15,-0.180265155,2642.9,1788.5,79.624,81.95,76.522,107.093,277993,7.4,4.98,4.41,4.73,0.211767137,3747,0,0,0,0,0
1999.25,9557,11962.54897,7731.589099,8051.146457,695.7739142,2188.02973,14.97296579,6.326969171,253.6662221,1703.7,601.1,0,-0.170523324,2672.6,1808,79.891,82.717,76.673,107.883,278723,7.74,5.54,4.45,4.75,0.269814193,3721.8,0,0,0,0,0
1999.5,9712.3,12113.12048,7819.241839,8126.700613,712.4631992,2242.767848,15.39317219,6.373794498,254.4625887,1740.2,614.6,0,-1.056722168,2720.4,1838.1,80.18,83.935,77.315,108.562,279600,8.1,5.88,4.65,5.09,0.225222081,3693.6,0,0,0,0,0
1999.75,9926.1,12323.364,7934.192507,8249.902317,720.9675429,2308.594166,15.44867097,6.420576199,255.8430057,1784.2,631.6,0,-0.710815688,2784,1882.9,80.547,85.639,78.534,109.046,280463,8.24,6.14,5.04,5.31,0.232228309,3698.5,0,0,0,0,0
2000,10031,12359.07988,8054.784222,8323.791965,761.2442446,2287.813768,15.99889319,6.451956774,257.4598064,1795.1,618.1,0,0.18378402,2879.4,1962.9,81.163,85.766,78.324,109.502,281192,8.33,6.48,5.52,5.68,0.242045879,3643.4,0,0.017654267,0,0,0
2000.25,10278.3,12592.40655,8132.219634,8441.356771,747.1316738,2424.60415,16.50507951,6.419271005,258.120556,1828.9,639.3,0,-0.166851676,2910.3,1976.2,81.623,87.65,80.035,109.515,281885,8.59,6.18,5.71,6.27,0.207801387,3531.4,0,0,0,0,0
2000.5,10357.4,12607.60541,8211.196814,8513.944634,759.8829795,2394.167725,16.67969051,6.319906856,257.5989079,1845,636.2,0,0.236662826,2926,1995.4,82.152,87.682,80.061,109.519,282657,8.32,5.89,6.02,6.52,0.220580503,3460.7,0,0,0,0,0
2000.75,10472.3,12679.40382,8284.402028,8591.968694,765.0857568,2395.593669,16.72279821,6.326273879,256.5423026,1868.7,636.1,0,-0.380611823,2950.4,2013.9,82.593,88.16,80.957,108.897,283450,8.21,5.57,6.02,6.47,0.16443944,3397.8,0,0,0,0,0
2001,10508.1,12643.30061,8319.389472,8611.758443,777.6798825,2285.21319,16.5887773,6.353206022,256.4838829,1911.9,652.5,0,-0.336113239,2987.8,2027.5,83.112,87.73,80.697,108.716,284136,7.88,5.05,4.82,5.59,0.160515353,3396.2,0,0,0,0,0
2001.25,10638.4,12710.30717,8340.724142,8637.989043,777.0313094,2277.068405,16.21209611,6.451857276,254.7283774,1958.6,666.4,0,-1.094777301,2984.9,2015.5,83.699,88.186,81.963,107.593,284818,8.04,5.27,3.66,4.33,0.216854259,3305.5,0,0,0,0,-0.8
2001.5,10639.5,12670.14397,8371.32015,8659.521046,785.9433617,2236.55045,15.99937995,6.491537639,253.3942435,1965.5,674.9,97.1,-0.485054795,2768.1,1825.5,83.973,87.68,82.411,106.393,285574,7.95,4.98,3.17,3.5,0.203810915,3357.5,-0.56240195,0,0,0,0
2001.75,10701.3,12705.30827,8499.116712,8704.225188,851.4440094,2126.895819,15.53666053,6.45093533,251.7553785,1999.1,683.3,0,-1.037911695,2879.7,1931.7,84.227,87.933,83.511,105.296,286336,7.92,4.77,1.91,2.13,0.22416383,3381.3,0,0,0,0,0
2002,10834.4,12822.23038,8524.640271,8751.956151,840.9312436,2202.744781,15.22050258,6.661304294,250.0780456,2048.3,714.4,296.3,1.752271408,2739.9,1789.6,84.497,88.872,85.098,104.435,286991,7.96,5.08,1.72,1.73,0.214356154,3407.3,0.551614683,-0.797421927,0,0,0
2002.25,10934.8,12892.98684,8568.112087,8790.71161,849.2545076,2224.918253,15.01827839,6.826543293,251.3163957,2080.6,733.1,0,-0.389754374,2744.6,1792.3,84.812,89.345,85.371,104.655,287628,8.02,5.1,1.72,1.75,0.196304545,3493.2,-0.353902519,0,0,0,0
2002.5,11037.1,12955.86336,8627.990389,8822.019383,874.0908497,2224.671129,14.93016589,6.847502481,250.9372903,2107.7,746.2,93,-0.053567524,2772,1789,85.19,89.822,86.132,104.284,288361,7.63,4.26,1.64,1.74,0.078446321,3570.6,0,0,0,0,0
2002.75,11103.8,12964.00509,8674.331273,8895.258785,862.0145525,2220.655016,14.75098551,6.970409209,251.2208187,2143.1,768.8,0,-0.216541381,2789.1,1799.5,85.651,89.803,85.978,104.449,289096,7.6,4.01,1.33,1.44,0.094344176,3638.7,0,0,0,0,0
2003,11230.1,13031.13287,8712.538437,8935.489026,864.6709989,2239.486342,14.78569758,7.098259073,249.7925237,2178,789.3,123.8,-0.047647567,2806.5,1812.7,86.179,90.234,86.861,103.884,289714,7.12,3.92,1.16,1.25,0.136683285,3671.8,0,0,0,0,0
2003.25,11370.7,13152.16008,8809.482867,8989.263611,904.3269144,2251.22815,15.14368168,7.210275143,248.9057551,2216.9,831.4,0,-0.613928173,2824,1831.6,86.455,91.26,88.298,103.354,290352,6.47,3.62,1.04,1.25,0.078609519,3845,0,0,0,0,2.26
2003.5,11625.1,13372.32843,8939.314525,9081.387697,944.7284461,2330.924609,15.44631335,7.62337085,249.4871324,2231.2,830.5,41,-0.280851233,2800.7,1761.9,86.934,93.255,89.939,103.687,291071,6.81,4.23,0.93,1.02,0.167861253,3943.7,0,-1.140166515,-1.147880417,-2.857632531,0
2003.75,11816.8,13528.72484,9008.840318,9145.036935,956.8152505,2413.161051,15.6680135,7.849786197,250.5212653,2257.3,848.1,78.2,-0.304376869,2918,1860.4,87.346,94.517,90.646,104.27,291796,6.66,4.29,0.92,1,0.268531382,4040.3,0,0,0,0,0
2004,11988.4,13606.48295,9096.41743,9224.737747,972.6953082,2414.573484,15.49432918,7.941417982,251.6811843,2303.1,872.5,0,0.717949602,2944.8,1877.4,88.108,95.145,90.956,104.606,292374,6.27,4.02,0.92,1,0.232107863,4128.4,0,0,0,0,0
2004.25,12181.4,13706.2166,9155.398982,9280.492418,982.2107762,2500.830105,15.83786043,8.195202647,251.8083972,2343.6,886.7,25,-0.125524655,3004.8,1925.9,88.875,95.934,91.602,104.73,293000,6.66,4.6,1.08,1.01,0.245150968,4249.8,0,0,0,0,0
2004.5,12367.7,13830.7128,9243.00884,9355.527552,1001.302192,2539.387813,16.2689591,8.252348471,252.9504715,2381.8,906.9,0,0.501318636,3094.1,1983.6,89.422,96.948,91.977,105.405,293718,6.45,4.3,1.49,1.43,0.126536459,4325.8,0,0,0,0,0
2004.75,12562.2,13950.40478,9337.856473,9446.316304,1015.503233,2590.670192,16.61351937,8.367123229,253.4598389,2401.2,903.3,0,-0.182265741,3156.8,2011.1,90.049,97.877,92.621,105.674,294463,6.19,4.17,2.01,1.95,0.208464548,4405.9,0,0,0,0,0
2005,12813.7,14099.11645,9409.201659,9514.514585,1026.23578,2664.398971,16.81899506,8.563683929,254.7628999,2442.2,931.2,100,0.41955156,3345.8,2165,90.883,99.067,93.489,105.966,295102,5.97,4.3,2.54,2.47,0.250850707,4513.1,0,0.560309363,0,0,0
2005.25,12974.1,14172.68388,9511.447885,9593.23686,1055.368444,2630.457707,17.06096257,8.72284772,256.0795276,2469.7,938.2,0,0.203503669,3389,2190,91.543,99.624,93.225,106.864,295710,5.97,4.16,2.86,2.94,0.183238089,4564.7,0,0,0,0,0
2005.5,13205.4,14291.71311,9585.337446,9662.515978,1067.325164,2657.832466,17.37419712,8.818404327,256.7685199,2521.6,963.1,0,-0.158789068,3455.6,2234.4,92.399,100.578,93.998,107,296444,5.98,4.21,3.36,3.46,0.200185433,4625.8,0,0,0,0,0
2005.75,13381.6,14373.36198,9621.302915,9742.335557,1038.830055,2737.656404,17.44386874,8.799042873,257.2912419,2541.3,952.8,0,0.388771334,3544.8,2295.4,93.1,101.257,94.157,107.541,297203,6.34,4.49,3.83,3.98,0.203388229,4714.6,0,0,0,0,0
2006,13648.9,14546.10367,9729.243223,9810.983956,1081.316744,2773.873374,18.08693106,8.717015646,259.4314306,2592.2,995.3,0,0.007825071,3671.3,2390,93.832,102.77,94.788,108.421,297854,6.31,4.57,4.39,4.46,,4805,0,0,0,0,0
2006.25,13799.8,14589.53133,9780.993352,9872.126782,1080.139373,2755.752646,18.31303751,8.278222308,260.0893468,2630.7,998.7,227.7,-0.014936885,3729.1,2420.6,94.587,103.1,94.733,108.832,298505,6.74,5.07,4.7,4.91,,4842.8,0,0,0,0,0
2006.5,13908.5,14602.55966,9838.066453,9918.508331,1095.10795,2727.605267,18.53141434,7.81607208,261.3920274,2655.4,1000.4,0,0.110661417,3772.3,2462.8,95.247,103.14,94.223,109.464,299271,6.59,4.9,4.91,5.25,,4866.2,0,0,0,0,0
2006.75,14066.4,14716.88638,9938.394903,10015.22212,1109.556976,2663.037451,18.65123662,7.451952883,262.5704788,2690.6,1013.5,0,-0.080745968,3807.5,2486.7,95.58,104.182,94.832,109.86,300090,6.28,4.63,4.9,5.25,,4899.5,0,0,0,0,0
2007,14233.2,14725.9296,9990.729939,10059.32631,1122.086963,2638.527185,18.97141113,7.111267178,262.3272478,2735.6,1018.3,0,0.33412736,3912.6,2549.1,96.654,104.266,94.849,109.928,300799,6.3,4.68,4.98,5.26,,4986.2,0,0,0,0,0
2007.25,14422.3,14838.67317,10024.59414,10078.04767,1138.210601,2674.681669,19.34387993,6.826812346,263.1526559,2782.5,1040.8,0,-0.17393043,3941.3,2562.9,97.194,105.255,95.634,110.06,301492,6.49,4.85,4.74,5.25,,4992,0,0,0,0,0
2007.5,14569.7,14938.53236,10069.15402,10113.8643,1150.908001,2658.093676,19.64459492,6.391664288,262.5499855,2824.3,1063.9,0,0.472480113,3923.2,2548.1,97.531,106.052,96.711,109.658,302272,6.63,4.73,4.3,5.07,,5069.5,0,0,0,0,0
2007.75,14685.3,14991.73098,10081.79377,10123.38031,1155.504204,2605.207221,19.9754902,5.861488575,263.0370836,2865.3,1076.1,739.3,0.736100042,3942.4,2560.2,97.956,106.32,96.997,109.612,303049,6.51,4.26,3.39,4.5,,5131.3,0,0,0,0,0
2008,14668.4,14889.35807,10061.02543,10139.42563,1122.475818,2517.458831,19.98084195,5.399805206,262.7229682,2923.8,1110.7,0,0,3908.9,2524.6,98.516,105.103,96.144,109.318,303708,6.75,3.66,2.04,3.18,,5270.3,,,,,
2008.25,14813,14963.38199,10077.96201,10163.3082,1118.953889,2472.653345,19.86526916,5.163072143,262.0870397,2983.4,1140.5,0,0,3916.6,2501.7,98.995,105.551,97.067,108.74,304332,6.99,3.89,1.63,2.09,,5336.1,,,,,
2008.5,14843,14891.69585,10005.13849,10120.01675,1084.750101,2403.809148,19.32976643,4.909293213,259.9684564,3055.9,1180,0,0,3852.9,2470.7,99.673,104.666,97.305,107.565,305051,7.21,3.86,1.49,1.94,,5831,,,,,
2008.75,14549.9,14576.8672,9884.707156,10072.21199,1006.73404,2190.035441,18.20142968,4.435875548,255.3862811,3049.7,1191.2,-243.6,0,3692.3,2356.5,99.815,101.615,96.76,105.018,305781,8.84,3.25,0.3,0.51,,6365,,,,,
2009,14383.9,14374.98751,9850.779375,10031.02676,1008.590963,1937.62957,16.88275835,4.010047369,250.1743917,3035.4,1182.2,0,0,3390.5,2091.2,100.062,99.733,97.505,102.285,306399,8.21,2.74,0.21,0.18,,6768.1,,,,,
2009.25,14340.4,14355.47325,9806.476221,9987.123574,1002.604297,1820.565742,16.33986928,3.769445752,246.286326,3086.5,1214.6,0,0,3356.1,2054.5,99.895,99.448,99.376,100.073,306992,7.98,3.31,0.17,0.18,,7237.5,,,,,
2009.5,14384.1,14402.39104,9865.839426,10000,1050.527373,1804.681423,16.13059299,3.953725277,243.4138876,3112.5,1233.2,0,0,3408.1,2054.5,99.873,99.814,100.993,98.833,307690,6.66,3.52,0.16,0.16,,7573.3,,,,,
2009.75,14566.5,14541.92415,9864.765792,10020.13642,1031.57684,1949.522731,15.98385062,3.956787713,243.2459214,3122,1240.7,0,0,3479.6,2097.6,100.169,101.005,102.219,98.812,308413,6.33,3.46,0.06,0.12,,7803.8,,,,,
2010,14681.1,14604.86262,9917.653215,10065.04574,1045.164532,2012.869414,16.15056574,3.829736187,243.5798643,3135.7,1269.2,0,0,3547.9,2172.5,100.522,101.511,102.623,98.916,309024,6.29,3.72,0.11,0.13,,8224,,,,,
2010.25,14888.6,14745.86007,9998.421982,10121.79462,1076.313422,2116.896123,16.59272136,4.034994111,246.108635,3181.5,1304.6,0,0,3602.2,2228.3,100.968,102.752,103.022,99.738,309376,6.18,3.49,0.15,0.19,,8700.9,,,,,
2010.5,15057.7,14845.55699,10063.03285,10175.74862,1093.770665,2185.736068,16.92770355,3.680845709,246.1841531,3194.7,1321.6,0,0,3691.4,2272.1,101.429,103.786,103.606,100.174,309991,5.78,2.79,0.16,0.19,,9049.9,,,,,
2010.75,15230.2,14939.03815,10166.189,10255.60098,1127.411391,2166.182837,17.28078639,3.750788296,247.0392858,3184.2,1320.1,-97.8,0,3748.1,2304.5,101.949,104.652,103.922,100.702,310654,5.91,2.86,0.14,0.19,,9386.5,,,,,
2011,15238.4,14881.39533,10217.08949,10297.57397,1141.789517,2125.966121,17.24175901,3.743694751,247.6183422,3153.8,1298.1,0,0,3817.1,2358.3,102.399,104.072,103.045,100.997,311205,6.09,3.46,0.13,0.16,,9579.5,,,,,
2011.25,15460.9,14989.48083,10237.69475,10328.64197,1134.178299,2207.996966,17.60963078,3.79302108,248.8938519,3183.8,1314.9,0,0,3837.7,2378.6,103.145,105.053,103.368,101.63,311733,5.85,3.21,0.05,0.09,,9804.5,,,,,
2011.5,15587.1,15021.10477,10282.23686,10363.51011,1148.574758,2214.008207,18.40804415,3.867474796,250.064643,3176.8,1305.9,-389,0,3841.8,2381.9,103.768,105.344,103.103,102.173,312360,5.46,2.43,0.02,0.08,,10165.4,,,,,
2011.75,15785.3,15190.2961,10316.80546,10367.95273,1181.463214,2373.764903,18.83089894,3.97607984,251.4225106,3160.4,1294.9,-48.6,0,3880.7,2410.8,103.917,106.91,103.923,102.874,313001,5.25,2.05,0.01,0.07,,10443.7,,,,,
2012,15973.9,15291.00377,10379.02256,10404.17455,1213.856166,2429.603886,19.38106426,4.224523769,252.4740834,3171.6,1300.5,0,0,3976.2,2458.1,104.466,107.807,103.938,103.723,313538,5.2,2.04,0.07,0.1,,10785.9,,,,,
2012.25,16121.9,15362.53014,10396.56605,10415.3835,1222.113048,2489.173451,19.73706108,4.263685198,252.5366449,3159.6,1293.7,0,0,4006.8,2489,104.943,108.492,104.547,103.773,314060,5.09,1.82,0.09,0.15,,11109.8,,,,,
2012.5,16227.9,15380.72942,10424.07583,10425.90985,1242.263162,2481.997449,19.63362027,4.372310994,254.7338969,3159.6,1297,0,0,4027.9,2510.2,105.508,108.647,104.26,104.208,314677,4.87,1.64,0.1,0.14,,11318.7,,,,,
2012.75,16297.3,15384.24506,10453.17079,10433.86818,1266.643692,2462.158942,19.81349253,4.598317427,255.6423245,3143.5,1278.9,0,0,4122.8,2586.2,105.935,108.689,103.75,104.76,315334,4.57,1.71,0.09,0.16,,11578.2,,,,,
2013,16440.7,15457.16085,10518.17291,10479.84988,1293.626111,2505.076611,20.0064345,4.698791712,255.8723924,3119.8,1250.4,-486.5,0,4344.4,2780,106.363,109.367,104.058,105.102,315870,4.81,1.95,0.09,0.14,,11815.6,,,,,
2013.25,16526.8,15500.2204,10554.24023,10513.10095,1300.809584,2537.155914,20.0563435,4.803265956,256.1434461,3111.4,1234.2,0,0,4408.6,2824.6,106.623,109.8,104.214,105.36,316403,4.84,2,0.05,0.12,,11972.8,,,,,
2013.5,16727.5,15614.49854,10598.83408,10552.71425,1311.258278,2619.730829,20.23063643,4.860358171,257.5185437,3110.7,1220.4,0,0,4434.5,2857.8,107.128,110.858,104.558,106.025,317024,5.4,2.71,0.03,0.08,,12036.6,,,,,
2013.75,16957.6,15761.4626,10690.34096,10641.69675,1324.636013,2647.087136,20.65491915,4.759590253,258.858954,3115.1,1217.6,0,0,4479.4,2892.3,107.589,112.245,105.423,106.471,317672,5.36,2.75,0.06,0.09,,12343,,,,,
2014,16984.3,15724.8933,10724.72982,10671.59555,1333.226083,2630.466793,21.06833522,4.725568702,259.2111309,3122.3,1214.8,0,0,4565.7,2952.2,108.009,111.761,104.455,106.994,318202,5.12,2.76,0.05,0.07,,12502.4,,,,,
2014.25,17270,15901.51557,10826.29177,10742.63618,1377.242285,2709.537159,21.2980885,4.843866138,261.3905464,3146.3,1216.9,0,0,4630.9,3005.8,108.606,113.317,105.212,107.703,318736,4.82,2.62,0.03,0.09,,12642.5,,,,,
2014.5,17522.1,16068.8346,10918.60231,10821.42542,1402.427799,2758.143546,21.76333929,4.884619787,262.4633501,3177.4,1233.1,0,0,4684.6,3045.6,109.044,114.846,105.87,108.478,319358,4.74,2.5,0.03,0.09,,12848.6,,,,,
2014.75,17615.9,16151.44819,11033.31565,10929.15971,1423.438967,2772.538914,21.79989839,5.002481217,265.1121112,3162.5,1214.7,0,0,4742.6,3086.9,109.067,115.593,105.226,109.853,320006,4.74,2.28,0.02,0.1,,,,,,,
2015,17649.3,16177.32518,11081.23759,10975.89327,1430.407982,2830.272456,21.88624565,5.124674261,266.4735527,3149.5,1218.2,0,0,4822.5,3168.4,109.099,115.766,104.884,110.376,320536,4.5,1.97,0.03,0.11,,,,,,,
2015.25,17913.7,16333.58864,11178.92273,11058.61337,1458.303557,2864.812658,22.10603277,5.239991616,267.3988328,3179.2,1220.7,0,0,4911.6,3236.8,109.674,117.175,105.846,110.704,321070,4.83,2.17,0.02,0.12,,,,,,,
2015.5,18064.7,16417.8277,11262.73581,11131.64437,1481.452808,2862.451778,22.23767504,5.332986923,,3200.4,1224.4,0,0,4951.2,3263.8,110.031,117.614,106.38,110.561,321692,5.24,2.22,0.04,0.14,,,,,,,