oil_proxy,rpoil,woprod,woinv,wip,usip,uscpi
7.575744377358138e-12,-0.19146070206858212,-15.38542463163526,-123.41172668788909,-51.155625361128784,-44.80663358614396,-109.12136497689767
7.575744377358138e-12,-1.254169959497176,-14.543537361070776,-119.58959241666423,-51.606354355562814,-45.11469672223109,-108.05865571946907
7.575744377358138e-12,-2.3057043594495212,-13.774289101179647,-119.90085126712711,-51.67057193603375,-45.093618698334865,-107.00712131951673
7.575744377358138e-12,-2.93135812088002,-12.478945615786643,-116.80607400653935,-51.64467499228641,-45.39915189700929,-106.38146755808617
7.575744377358138e-12,-3.9654935003533183,-12.183462443520284,-113.27313672717753,-51.150685057222006,-44.64437353363894,-105.34733217861293
7.575744377358138e-12,-4.7851702207711355,-12.921175734226154,-111.6448382714608,-51.44535420022868,-44.76227757003005,-104.52765545819511
7.575744377358138e-12,-5.3955485145729085,-14.862225638813925,-109.7777975905176,-52.36836805275186,-44.71709286884328,-103.91727716439334
7.575744377358138e-12,-6.605240685455783,-17.520763016052115,-108.89313820857956,-52.51611264497552,-45.70240860783463,-102.70758499351047
7.575744377358138e-12,-7.998298039050496,-16.533059944171782,-108.84396435817041,-53.67784478311842,-45.642668315728656,-101.31452763991575
7.575744377358138e-12,1.095388709937481,-16.219916789528725,-109.83111172613076,-54.71524028924733,-46.028933555708306,-100.5271219968252
7.575744377358138e-12,0.11977121540098778,-16.083678223847073,-109.86908255476408,-56.659808481748996,-49.37152841079319,-99.55150450228871
7.575744377358138e-12,-0.6539270348142736,-16.980806884068897,-109.37827973003652,-59.57690843006503,-52.95861654132892,-98.77780625207345
7.575744377358138e-12,-1.4216851247176692,-21.048049093937834,-108.58303346922582,-60.789098601062676,-54.34028383375687,-98.01004816217005
7.575744377358138e-12,-1.993659991996367,-22.997488646113652,-105.62569341567473,-61.82319330657748,-56.689936608555854,-97.43807329489135
7.575744377358138e-12,-2.373167088851517,-23.157124243703038,-106.55317127070111,-62.611319386365665,-57.75680502355124,-97.05856619803615
7.575744377358138e-12,-2.7512393728421216,-23.90024405893564,-107.32378767553837,-62.57114918715831,-57.6611667029735,-96.68049391404554
7.575744377358138e-12,-2.939740842419269,-23.44003194115021,-108.67536825627678,-63.22706706288392,-57.88640073214901,-96.49199244446845
7.575744377358138e-12,-3.690213407826036,-20.94318231279408,-108.79744016507675,-62.44434167143817,-57.231441845613745,-95.74151987906168
7.575744377358138e-12,-4.62045267405739,-18.34548708262423,-111.60685554132613,-62.332088165041284,-56.27864018441227,-94.81128061283033
7.575744377358138e-12,-4.990138862190008,-16.212646045182964,-112.05151439542226,-61.8946997021319,-55.23629673367873,-94.44159442469771
7.575744377358138e-12,-5.725436292715926,-13.127163535826867,-111.67014675461098,-60.92779096477534,-53.999472691173196,-93.70629699417185
7.575744377358138e-12,-6.27338286917842,-23.034454705855524,-109.87070411592322,-59.921543174085855,-53.55759155387551,-93.1583504177093
7.575744377358138e-12,-6.999338870458871,-19.586067973448507,-109.99420995843809,-59.43586584718372,-53.337727827049775,-92.43239441642885
7.575744377358138e-12,-7.540368143283615,-18.23414089586163,-107.06788449717965,-58.675137898795356,-52.10095868384258,-91.8913651436041
7.575744377358138e-12,-7.899434956356458,-19.69704846920331,-101.95597450557182,-57.558437923382655,-50.65803688394982,-91.53229833053126
7.575744377358138e-12,-0.5717287303930334,-17.03760372695865,-105.30401717753762,-56.474288304150946,-49.68709349586419,-91.35324725315246
7.575744377358138e-12,-0.17026752619182162,-14.572141991640365,-105.70286501613361,-56.16151440653465,-49.572146345525084,-91.1745161957428
7.575744377358138e-12,0.22816573413206243,-16.416426978496247,-105.62196418531028,-55.01703848818977,-49.00093378286465,-90.99610401639268
7.575744377358138e-12,-0.3051688634041625,-15.989328323898917,-107.06503528991595,-54.045011207890525,-48.56005316432618,-90.46276941885645
7.575744377358138e-12,-0.8356740863735013,-12.75949989414471,-106.73931128465313,-54.06246122402007,-48.535371872399764,-89.93226419588711
7.575744377358138e-12,-1.3633797964578775,-12.159023662544541,-104.86680784627038,-53.57642440138096,-47.95316505434482,-89.40455848580274
7.575744377358138e-12,-1.8883153850722465,-11.452884649329917,-104.42309615732108,-53.48538237942273,-47.25308830203471,-88.87962289718837
7.575744377358138e-12,10.880983530533626,-9.91022539671144,-102.52910792450257,-52.47777817059392,-46.96700547313338,-88.3574284990732
7.575744377358138e-12,10.361501842823202,-6.892860161897488,-100.11514951162792,-52.37210718217972,-46.93295597958888,-87.83794681136277
7.575744377358138e-12,10.01667391493163,-5.963280181752907,-100.17575239657344,-51.359342011456874,-45.47626896175251,-87.4931188834712
7.575744377358138e-12,9.501651317300059,-3.521031699923469,-102.05245998981115,-50.981321400526326,-44.4432399195091,-86.97809628583963
7.575744377358138e-12,8.98926761731309,-12.965154589901658,-100.45077868121814,-50.53659270957405,-44.987869845174544,-86.46571258585266
7.575744377358138e-12,7.972309700350195,-6.466554162667535,-100.4156146447541,-50.46612165382459,-43.48820846930914,-85.44875466888976
7.575744377358138e-12,7.467682893587778,-5.6536950894055735,-100.20022140186495,-49.88741697142876,-42.22251371689026,-84.94412786212735
7.575744377358138e-12,6.798784078508106,-7.232892170523655,-94.89589521143421,-49.938426960218806,-41.32176998575312,-84.27522904704773
7.575744377358138e-12,6.466005069240623,-10.481860902199287,-91.8896705309154,-49.59865745825175,-40.45284271027941,-83.94245003778019
7.575744377358138e-12,5.9689037970385925,-8.95568581895941,-89.62802649940966,-49.55821327663767,-39.72770074696649,-83.44534876557816
7.575744377358138e-12,5.474261403506034,-10.884303615798217,-87.76452679227873,-50.066301264763524,-39.57407416234139,-82.9507063720456
7.575744377358138e-12,11.593156194169467,-9.47088880244064,-84.6510187544526,-49.426865834458226,-39.5482912582782,-82.4584986515028
7.575744377358138e-12,11.266358517707829,-7.394189233138832,-86.498024217482,-49.13019224414609,-39.07510853392159,-82.13170097504121
7.575744377358138e-12,10.778155757977004,-7.607433795412362,-86.0318974912957,-49.19403872330679,-38.87745765068746,-81.64349821531033
7.575744377358138e-12,10.130904307415278,-5.704407933110815,-84.24640535472736,-49.16879738621731,-38.77787915141312,-80.9962467647486
7.575744377358138e-12,9.64820023258369,-3.7005016708592393,-82.2274575811872,-48.363913445966546,-38.62251092949958,-80.51354268991702
7.575744377358138e-12,9.008198048036888,-13.190629856734404,-82.51484384256457,-48.553271804234896,-40.015831813484795,-79.87354050537027
7.575744377358138e-12,8.530870172771131,-10.574588649892803,-82.13265425408986,-48.897123472557666,-39.52795162663733,-79.39621263010451
7.575744377358138e-12,7.8979566676063655,-9.703939575176946,-80.78676828034145,-48.12244197787868,-37.64592282742933,-78.7632991249398
7.575744377358138e-12,7.112406673575492,-8.194534360280386,-81.221526936999,-45.85671915710003,-35.57562637352697,-77.97774913090888
7.575744377358138e-12,6.177820431751741,-9.91022539671144,-83.96099579831991,-46.56836061882592,-35.22146108768038,-77.04316288908512
7.575744377358138e-12,5.405615822360687,-7.574084342868218,-80.9693692532577,-46.020048065115304,-34.532577333751874,-76.27095827969407
7.575744377358138e-12,4.639328547803757,-8.286843350177378,-78.33324788967946,-45.68863555893199,-34.575110551494504,-75.50467100513708
7.575744377358138e-12,4.030498661078241,-6.94917579594312,-79.68171610141735,-45.05769731775075,-34.19773392959303,-74.89584111841162
7.575744377358138e-12,3.1241480457435387,-3.4970199820900234,-76.75418618301433,-44.30156920122346,-33.94662099803543,-73.98949050307692
7.575744377358138e-12,2.225938414160794,-2.8127140170379334,-76.332390676567,-43.976469064152695,-33.13865687171511,-73.09128087149418
7.575744377358138e-12,1.6315830240760079,-2.5777186723123577,-75.596023861057,-43.34650343691294,-32.38983921468389,-72.49692548140933
7.575744377358138e-12,1.0407393554593796,-4.763063566180335,-74.34706279590444,-41.822038042382644,-31.841438771055152,-71.9060818127927
7.575744377358138e-12,0.1609682851064349,-7.296049717456526,-76.42039676025752,-43.675278448903725,-32.488507390011875,-71.02631074243982
7.575744377358138e-12,5.661220057020046,-6.757170440257823,-74.1396352912094,-42.70977586168294,-31.95730012727995,-70.00959900689531
7.575744377358138e-12,4.654741395406006,-4.857124745312149,-71.39258589140911,-42.232643265122476,-31.642493042936962,-69.00312034528133
7.575744377358138e-12,3.6582918694628574,-2.869958643966811,-71.2066323759326,-42.11309388425644,-32.72638621034878,-68.00667081933818
7.575744377358138e-12,15.805763179677683,-3.193369553800949,-70.94629000442683,-41.38147698251595,-31.977650356663617,-66.87989833470385
7.575744377358138e-12,20.069185202433914,-2.792050396857121,-67.5936032605822,-40.970967501126324,-31.98362552238291,-65.76568067937967
7.575744377358138e-12,31.959787925683713,-1.7910220411931732,-69.2466736893798,-40.7392104379889,-32.119283118055705,-64.66374115441869
7.575744377358138e-12,50.75854966674211,-1.9910583349294484,-66.09133086220038,-40.42093040911993,-32.79714496922668,-63.70940534972863
7.575744377358138e-12,57.08917083060942,-2.373341120718351,-64.78787355406428,-40.6359351956188,-32.685948238354456,-62.76409108535313
7.575744377358138e-12,57.758816190121536,-1.6699347570731788,-61.987326149798264,-40.18560972758485,-32.1550032484119,-61.69456217367838
7.575744377358138e-12,63.369742706935085,-1.1604613899585274,-61.44444528383724,-39.720928595431815,-32.253627107470834,-60.63635124062466
7.575744377358138e-12,66.91777756946294,-1.8886275652280347,-60.99725654569522,-39.37889055670553,-32.170155429653505,-59.45909761809793
7.575744377358138e-12,65.49748255166355,-3.703693381777839,-58.671698640513455,-39.027258160041754,-31.69703333755939,-58.038802600298595
7.575744377358138e-12,77.19136230477386,-3.1156076567990567,-56.229995118352235,-38.67507755990471,-31.661476391619487,-56.764900022555594
7.575744377358138e-12,78.47538685226078,-4.833617375951917,-57.33847678727909,-38.62636094961721,-31.993522676025634,-55.38209986182636
7.575744377358138e-12,81.35304107131657,-6.8922640483590385,-55.41467758445276,-39.911280940201436,-34.05198494683191,-54.388302862813134
7.575744377358138e-12,80.36902329116543,-7.91179403503611,-54.42800405340006,-41.20073953211141,-36.4963527700404,-53.40428508266206
7.575744377358138e-12,79.39459414369765,-7.528047026493823,-54.28121464912431,-41.51883974035394,-37.7404239751977,-52.42985593519427
7.575744377358138e-12,79.27345542506794,-8.196379705271966,-53.77155053992192,-42.05154162715979,-38.51780357695674,-52.3087172165645
7.575744377358138e-12,74.67823747697582,-8.470018317305176,-51.66071724282472,-42.142848754661884,-38.14573418564004,-51.58495048654146
7.575744377358138e-12,68.43368878534852,-10.42043320392645,-52.46983861558226,-42.23510991891709,-36.53093554484184,-50.74712392194169
7.575744377358138e-12,67.4846899668637,-14.723363968415697,-53.30966071107571,-41.65855539317039,-35.28763891550773,-49.79812510345687
7.575744377358138e-12,66.4277218178949,-13.254260007364337,-53.162578204735496,-40.7411912625858,-33.556807342951004,-48.74115695448813
7.575744377358138e-12,68.23737997047499,-10.849895115577283,-53.29335405858069,-40.71097263878147,-32.995573997048666,-47.81091768825672
7.575744377358138e-12,69.98253916819868,-11.119345598225436,-50.80260257421139,-40.99387387362981,-33.567430565705365,-46.88925217776438
7.575744377358138e-12,69.06929081187144,-10.662845699320087,-48.963193159285765,-40.50988400068252,-34.040166463472644,-45.976003821437075
7.575744377358138e-12,68.38978649858859,-9.54680030069403,-45.629776238914474,-40.86579657437187,-33.49498740765671,-45.29649950815423
7.575744377358138e-12,67.82703881201576,-11.271399837371519,-43.033781445280624,-40.987834597657354,-33.925866149847366,-44.73375182158139
7.575744377358138e-12,67.15589535321703,-12.681935601984833,-40.63920594243848,-40.90356845902147,-33.360481006849625,-44.062608362782726
7.575744377358138e-12,60.86126506207654,-13.888731501654092,-39.26362645402082,-40.46248518541728,-32.89056296312651,-43.17470019866971
7.575744377358138e-12,59.762352904517,-16.214227387093388,-36.4250199198234,-39.8438027989485,-32.26224025900956,-42.07578804111017
7.575744377358138e-12,59.000237076409746,-17.931239322770352,-38.65244468824187,-40.417164661040886,-32.278157817327155,-41.313672213002974
7.575744377358138e-12,58.02883170436246,-17.726288797039842,-35.646320578574546,-40.09832371991649,-32.87888094023907,-40.34226684095563
7.575744377358138e-12,54.89002791251522,-17.053475966097494,-33.483453264779996,-40.06659485778738,-33.5953218959516,-40.02055074577805
7.575744377358138e-12,57.27976453144669,-18.11067311724628,-31.722164265458787,-40.49876047349426,-34.73582709788809,-39.593199668039915
7.575744377358138e-12,54.143357776861535,-16.33602947260556,-29.394259190962202,-41.242332359456555,-35.850858216746644,-39.273880610124365
7.575744377358138e-12,50.48414890773648,-16.79720748933869,-28.97451335234871,-41.68656731666272,-37.86748879534326,-38.95557795411224
7.575744377358138e-12,43.16200586561763,-17.97176191494691,-27.71173347325987,-41.27690019311814,-35.897451202627394,-38.63828525005454
7.575744377358138e-12,32.893164922227754,-21.40050083811002,-28.23335739966069,-41.21331610070865,-36.64199387556113,-38.63828525005454
7.575744377358138e-12,48.661845784423235,-23.917459846110205,-28.94904296217703,-41.50638931438408,-37.533349791197566,-38.32199610920367
7.575744377358138e-12,54.871018210656985,-22.271064104083734,-29.082595905019275,-42.042458944013106,-38.15069925636851,-37.37908708031853
7.575744377358138e-12,51.30786485192391,-18.591221025131972,-28.669358194370602,-42.61075056675435,-38.46140677314071,-36.23858741891945
7.575744377358138e-12,48.164655378710336,-19.375656316195773,-27.30805067699407,-43.057044614518134,-38.77028486231484,-35.7244474688776
7.575744377358138e-12,47.343085782650405,-19.522037492226445,-25.159699108390555,-43.528497798644025,-39.6373510188273,-35.51952936438403
7.575744377358138e-12,52.172998343954305,-19.794681419462222,-24.92727661259346,-43.29049278315716,-39.93836299687564,-35.51952936438403
7.575744377358138e-12,51.904650401102685,-16.612813114902565,-24.002539620972584,-44.66644014757253,-40.84707794530618,-35.11094861212598
7.575744377358138e-12,47.62386702167629,-15.544219570071846,-22.104283728098153,-44.84145053120142,-41.230993244182855,-35.21293740220051
7.575744377358138e-12,40.54894005884455,-17.61371253936545,-21.857562588330325,-45.20415771428145,-41.960762937084496,-35.51952936438403
7.575744377358138e-12,38.65945439537825,-20.383664306721357,-20.54530974339241,-44.00376655763597,-40.05813124347799,-35.315030315611295
7.575744377358138e-12,31.104628821896824,-26.138529877828432,-19.03438367914066,-44.585299176294825,-40.68805650506749,-35.21293740220051
7.575744377358138e-12,30.552578687059395,-24.300722996930062,-18.927821051629394,-43.86861772578419,-39.87327896138942,-35.11094861212598
7.575744377358138e-12,35.86727110740344,-23.862211014473814,-17.988208944646885,-43.16728760354863,-38.688383139798134,-34.39992479387553
7.575744377358138e-12,33.45029302418641,-20.580942576412326,-18.02560401824303,-42.83125056559027,-37.99392208593548,-33.995883840175
7.575744377358138e-12,36.52786536931529,-20.182972998981768,-16.94461708668041,-42.21477738765731,-37.393304243650675,-33.79447390300493
0.17159776800757576,38.232943400598344,-16.86643169906756,-17.724914250446204,-41.942231816877495,-35.89026670172865,-33.39286693751592
7.575744377358138e-12,38.71933168395128,-17.146744176158336,-13.944298031901894,-40.97962586157189,-34.79669061285881,-33.09271663714031
7.575744377358138e-12,35.88106665224524,-15.95397004901406,-11.724043851676583,-39.954346599994494,-33.3110811385244,-32.79346454349485
7.575744377358138e-12,33.20767089225404,-16.42828452511435,-11.987138401362017,-39.58096527330741,-32.481563668869,-32.39584970553096
7.575744377358138e-12,31.018321217967014,-15.760175048764495,-12.538505766105914,-38.87607436152638,-32.128445704417175,-32.09867266661519
-0.21955475299242425,28.69081065950303,-17.227502604936035,-10.623525246253166,-38.06225221710764,-31.599886686875436,-31.80237615354946
7.575744377358138e-12,29.53011264755844,-17.016273646076343,-10.127043277572056,-37.18970367763626,-29.64312652885087,-31.114412752195847
7.575744377358138e-12,30.562470207523575,-16.37509138295286,-10.661027164412644,-36.668080418506236,-29.19140706391687,-30.625891995590848
7.575744377358138e-12,32.29335738924698,-16.882587862418177,-10.027609170726691,-36.83508657489551,-28.704848040398474,-30.333920985257407
7.575744377358138e-12,31.43942580548321,-16.519038571675082,-8.798847694952087,-36.67962902713231,-28.0695192559362,-29.94594765669848
7.575744377358138e-12,30.925415658136842,-17.21624757653808,-6.0889088224240595,-35.466131979698844,-27.604638360451986,-29.752523998715446
7.575744377358138e-12,28.903822385317596,-14.898348005426215,-5.412415702477233,-36.030821956479485,-27.240159853745638,-29.559473745709624
0.08613096200757575,24.379891729081578,-16.198615003115265,-4.509747519154303,-34.904709170057686,-26.924213374679084,-29.17448770716544
7.575744377358138e-12,25.80934610998628,-19.296237973061125,-5.1427031150738,-34.159995313988134,-26.83176970594269,-28.886717724403923
7.575744377358138e-12,25.73073171832857,-18.43933681180897,-5.399428034615767,-34.30968612990961,-27.011945297142063,-28.599773481608622
1.0169967410075758,23.469065530288674,-17.67821075545453,-3.537559003366482,-34.06860336942026,-27.17002138971526,-28.21845748096723
7.575744377358138e-12,20.93285431600657,-17.64685994274123,-2.659557377552801,-33.92283970900411,-26.785491263157553,-28.028343355264838
-1.3688211689924243,10.76228649817449,-17.720660663678927,-1.232706954354967,-33.36172050559895,-26.67015436834771,-27.838589977645654
0.4937877630075757,11.403130284633448,-20.027218587729067,-2.1784452348936156,-33.12553996351045,-26.839928280254014,-27.64919598163857
7.575744377358138e-12,17.000214404149062,-17.28998829192483,-3.370335604534148,-32.81342824937707,-26.48670459530257,-27.083156734467593
7.575744377358138e-12,20.015422493177425,-16.888516712920136,-1.6929579471784564,-32.29762416083469,-26.33676298084964,-26.613892616648286
7.575744377358138e-12,21.816371159297603,-17.670925425311907,-0.2895466961352895,-32.64522166021743,-26.605899811896336,-26.426801823067194
7.575744377358138e-12,17.439607326083035,-20.356227941200586,2.280071009464791,-31.735130268929254,-26.453835958224545,-26.2400604055876
7.575744377358138e-12,15.407190155203523,-23.158507567770357,1.395434025333543,-31.812291422035003,-26.394664306607012,-25.960600512486053
-0.3141630969924243,15.904238815071778,-21.173996363541164,0.2894306101352413,-31.712756643663965,-27.046597518029785,-25.77472685302348
7.575744377358138e-12,17.265469474857184,-21.4359618924982,0.23051839315235156,-31.549444671128526,-26.634570297951313,-25.58919804284892
7.575744377358138e-12,18.985987473451814,-17.89982758104702,0.7866283141872827,-31.38197289865775,-26.201496390731336,-25.40401280474157
-1.4171376979924242,22.93709598941399,-14.835133460425368,-0.6679650827630894,-31.18123894966965,-26.61333211161258,-25.034667971206318
7.575744377358138e-12,26.703235949316877,-13.982079114556655,0.49343431102238355,-30.594136692026495,-26.27695505248778,-24.574897046343438
-3.945268175992424,13.8764869199685,-13.423879363581364,1.0513352333506418,-30.783822592688466,-25.22952008995111,-24.117230343602216
7.575744377358138e-12,-3.602725069224334,-15.293748024513661,1.9596334492815686,-30.205750288791364,-24.77658424937107,-23.752599128300176
7.575744377358138e-12,-43.02147345240252,-15.27575770844146,2.391013360355373,-30.524233356819877,-25.447401278061022,-23.934748541139243
7.575744377358138e-12,-62.66969640198718,-16.174265276965798,3.972132437032201,-30.685361153151973,-26.13595704539972,-24.48319598535528
0.4883557970075757,-60.50379102071557,-15.985574313840289,3.3850893984006234,-30.088083162566875,-26.057788853055285,-24.85050585654136
7.575744377358138e-12,-42.36837409566181,-13.871063184921923,2.333133058259932,-30.71609569414153,-25.85525856251968,-24.574897046343438
7.575744377358138e-12,-56.41765785006672,-12.512080153871693,2.341224611761845,-30.193602455340738,-26.198852843937345,-24.208596270469684
7.575744377358138e-12,-71.6633386413722,-10.541076536306946,4.491362600648131,-29.651432601609088,-25.646652663277678,-24.117230343602216
9.382960881007577,-45.222900954131546,-9.426415735347291,4.106123222839869,-30.166408420221444,-25.780292815895677,-24.02594781786621
7.575744377358138e-12,-46.780348714123534,-16.508975027311863,5.189347309678169,-29.338646238095407,-25.57919891690591,-23.66164869001608
-1.1491975049924243,-47.3718797533445,-15.862386803251866,5.005016966750304,-29.086193526222928,-25.126946674683268,-23.47999559737633
7.575744377358138e-12,-45.19107228141371,-14.196358161707849,4.847304015990858,-29.133458296707033,-24.659374860938954,-23.298671884958253
2.9975366100075758,-39.99557348556931,-13.894130283377535,4.61022478692189,-28.461746238987132,-23.833955133862617,-22.937007837939404
7.575744377358138e-12,-25.65159544545662,-15.136932389279536,4.7520574608108745,-29.604525307158212,-24.149941119674224,-22.39695251993936
7.575744377358138e-12,-31.123550953425706,-16.39692246057075,5.005108332726877,-27.36946034026181,-22.870633774870782,-22.038529197157914
7.575744377358138e-12,-28.26651836458609,-17.75605858708741,5.561231956600864,-27.602156056685658,-22.705078718968934,-21.68138596039813
7.575744377358138e-12,-26.88151176618703,-16.52088001820607,5.0622416867785205,-27.036224317383017,-22.05809736601026,-21.236743164684697
7.575744377358138e-12,-23.089829265817457,-15.064995410302117,4.853311948128635,-26.604373172459816,-21.425355613679926,-20.970903398023665
1.1923765580075758,-20.392844386134925,-15.603945653624123,5.5527731054476135,-26.31285577633122,-20.951657019453933,-20.529401577112026
7.575744377358138e-12,-14.271305452826539,-11.077396793285288,5.485947561067292,-26.075430548746283,-20.259073002707964,-20.265433100034727
7.575744377358138e-12,-19.90437309700218,-9.710036802796594,7.113958503668755,-25.694297866111185,-19.433134583924982,-19.82702818918125
7.575744377358138e-12,-24.01295504613097,-10.749717859935345,8.333082943268892,-24.991980749147615,-19.164203803473242,-19.47768285572522
7.575744377358138e-12,-22.63853191032149,-10.414549793059223,9.512762948755721,-23.78804142163989,-17.73098320093169,-19.216472432932733
7.575744377358138e-12,-27.774122757973146,-11.210488152586095,11.000290843075277,-23.24242520622755,-17.19144912653519,-18.86924986185784
-4.3240011569924235,-37.24021251740271,-11.08257683782108,10.239414488903435,-22.954549066081086,-16.704642525939278,-18.69608964543005
7.575744377358138e-12,-38.056553417601265,-12.439048130260971,10.131827757949736,-22.117368411445284,-16.66185910314175,-18.350666158621323
7.575744377358138e-12,-40.557590162908355,-12.299051490122793,9.973457548880674,-21.68012437921908,-16.23008357551555,-18.17840082747665
7.575744377358138e-12,-44.138763539798276,-11.669743823881618,9.6742551607216,-21.43589079462737,-15.989031113153374,-17.920557968682203
7.575744377358138e-12,-35.00352256923054,-11.130746832369596,9.482622851630936,-21.27145499219955,-15.439321959514643,-17.321497554966527
7.575744377358138e-12,-37.73430377080547,-11.621105230326748,9.895496748825167,-21.18021100583394,-15.547311278750783,-17.065851910836386
2.3113179450075756,-43.50641497621962,-12.20465919396679,10.575901730178543,-20.617337551457354,-15.28782690552299,-16.641222822691248
7.575744377358138e-12,-50.37584143628925,-11.466629332927823,10.896376735128797,-20.808737037896037,-15.238537727133007,-16.218389211739122
7.575744377358138e-12,-50.629271673433436,-9.481678795624475,9.643631224283126,-20.018748804953248,-14.812379451133381,-15.797335958104782
7.575744377358138e-12,-58.10026148535769,-8.881623526028761,9.50637179252658,-19.611839744245458,-15.097281947868055,-15.378048132101185
7.575744377358138e-12,-63.169084503901644,-6.077068134150295,9.856177983844873,-19.597904573513347,-14.604216729457164,-15.043879065910915
5.929392536007576,-62.213193860732844,-5.325648770480257,9.282920290987136,-18.945953473536747,-14.44880947558579,-14.710822971194432
7.575744377358138e-12,-47.3787525488367,-4.923604742411044,9.613932639647487,-18.057790307776713,-13.96453718714372,-14.3788724589092
7.575744377358138e-12,-37.757164358161845,-9.738995193539267,9.917627858938658,-18.07003112038666,-13.670399864209116,-13.965477905736407
7.575744377358138e-12,-38.96353409530059,-10.558664271929729,9.463015412503296,-18.499749605275326,-14.122629130306052,-13.635988316051112
7.575744377358138e-12,-30.762551625924857,-9.87031596108136,9.471944975575411,-17.68657430359889,-13.904206677017612,-13.143780595508247
7.575744377358138e-12,-23.61280824503632,-9.139210557942079,10.10163437159008,-17.05206659357077,-13.816971104298375,-12.409981950216945
7.575744377358138e-12,-29.00847216102187,-9.273136997060192,10.717003705749107,-17.795153180457532,-14.522170495020077,-11.92375732941349
-3.210775105992424,-29.466188703082764,-9.210379542383407,10.126281154513094,-16.74717530967814,-14.472786965069474,-11.600916048201611
7.575744377358138e-12,-31.60902048572285,-8.336087275543832,10.22704547857029,-17.365907555468425,-15.36417829316025,-11.279113678781584
7.575744377358138e-12,-37.49029382861494,-6.848227710053607,11.860799821669275,-16.94081435680988,-14.466987960145786,-11.279113678781584
0.9265411810075758,-32.104549614234145,-6.710912558192831,11.649606902014966,-16.998132131332454,-14.827950152766505,-11.038439675725044
7.575744377358138e-12,-30.079311173226188,-5.772894718362522,10.745454396857667,-17.137328830879937,-14.893090277136764,-10.558822449375725
-1.8641299049924243,-31.83528492779243,-4.535736279043704,13.2354687819618,-16.685505699438124,-14.560126159496008,-10.160891164227621
7.575744377358138e-12,-25.9512308165813,-5.1149650209406445,15.524470692140426,-15.915883730197208,-13.941772563893437,-9.84368233361323
7.575744377358138e-12,-19.791037975710424,-6.026822636222505,13.839787028555179,-16.313421384863034,-14.614732298394415,-8.898048809409659
7.575744377358138e-12,-22.56471670780644,-5.605051289815265,12.40175115411364,-15.90755176892435,-13.61723921365109,-8.506658877296047
7.575744377358138e-12,-30.984638418616044,-4.138959489020635,16.200191807244437,-15.486157082610418,-13.118565468130214,-8.039004088905926
7.575744377358138e-12,-40.639997685548565,-4.58531885223033,16.77432859216333,-16.5157575009718,-13.23398318162424,-7.805994274743568
7.575744377358138e-12,-42.66912375473663,-5.507785626735085,18.430624629469662,-15.399992282749338,-13.071106493358172,-7.650955483998132
7.575744377358138e-12,-51.072518918218066,-6.870822882380935,18.66207545499492,-15.045191195824543,-12.739984961258244,-7.033192901602376
0.4307949470075757,-41.57271565287488,-6.698103668706835,16.718727509143264,-15.060133096970787,-12.853732555615863,-6.572362592982927
7.575744377358138e-12,-4.706282221854906,-12.740432353029064,16.028598881028415,-14.514513997795177,-12.546695252848053,-5.7329833801360905
7.575744377358138e-12,16.09729237027699,-8.364129525939234,14.334631876089361,-14.314003551976157,-12.401972758272791,-5.051420726630113
7.575744377358138e-12,21.844135056028165,-7.794045658360574,14.848165214659389,-14.381224540755,-13.161715481597867,-4.374471921105396
7.575744377358138e-12,10.9912308991249,-6.436385092000592,14.311758000747432,-14.86317728648595,-14.342625419526883,-4.1498368584680065
2.7631729430075755,-6.064656572625438,-6.0882700817896875,13.71913318019051,-15.070353632278227,-15.001436403180946,-3.7765628154996307
7.575744377358138e-12,-15.537204194970741,-6.386189425077191,13.159121327897765,-14.867891108982974,-15.434574372870259,-3.4046769276258715
7.575744377358138e-12,-35.18024271607004,-6.899864762167454,13.427989139893953,-15.572332681745706,-16.122151515994858,-3.330465421437111
3.104619479007576,-38.464097699064496,-6.477865788574263,14.705920177270627,-15.970560530086914,-16.652567745379258,-3.330465421437111
7.575744377358138e-12,-33.95135370700615,-8.813152468499993,12.390433204813007,-15.246335857484212,-16.454450910105493,-3.1081607726424636
7.575744377358138e-12,-32.33796162620217,-9.112609312233872,12.049364001098297,-14.795757686293825,-15.459739150860571,-2.7387477186283036
-0.6363482099924243,-37.677627385014034,-8.786823434410962,12.047409281361183,-14.638700474538837,-14.567185619764018,-2.444196695652522
7.575744377358138e-12,-31.935576582527347,-7.1238233035192025,12.627886510076564,-14.509471198805045,-14.471689830237096,-2.297245897716607
7.575744377358138e-12,-30.98542720697901,-8.28733029620389,13.02261836803791,-14.554441205417504,-14.397426118589522,-2.003990555588814
0.05557937100757575,-30.501612658953945,-6.5565219080267525,13.912382716164643,-14.257952655794725,-13.516746448982076,-1.7115926864452717
7.575744377358138e-12,-24.563770491144567,-6.630235674301957,13.316312638726572,-13.976934016415328,-13.696835267899473,-1.5657137400793317
1.6061626660075756,-28.340125318689957,-6.224765222590577,13.589798935798854,-13.944531310177865,-13.818683927661993,-1.1293494113019165
7.575744377358138e-12,-42.69724678139693,-5.555107695947072,12.445136509981467,-14.746269935470764,-14.225452725033279,-0.839494135900793
7.575744377358138e-12,-46.40615416429432,-5.443870236451858,13.376302345275917,-14.319977269970536,-14.796496687908075,-0.7671614021865025
-5.614220395992424,-45.69727372456782,-6.819846138753746,14.22282251578065,-13.62975344821092,-14.099360041935483,-0.5504765936775016
7.575744377358138e-12,-46.47414112772327,-7.900252143728949,13.298505809404674,-13.720780115430955,-13.234292791608482,-0.1903753763180589
7.575744377358138e-12,-39.90948806764476,-7.2998238127484,13.494550545154766,-13.514682773816787,-12.496587119680157,0.02506456338460339
4.100417398007576,-36.739249794998955,-9.1936542595206,13.325557299909974,-13.811031717371463,-12.178234489210126,0.24004135703381735
7.575744377358138e-12,-30.39686263115061,-8.783499042902804,12.53912001795345,-13.672600282184135,-12.158935797478932,0.5259600650384186
7.575744377358138e-12,-33.473646085388,-8.001916766196246,12.561774963968787,-13.205191331452795,-11.267911894590213,0.8110636081223106
7.575744377358138e-12,-35.58451411787729,-8.024104268092742,13.206272008432506,-13.861650669319943,-11.757876979590264,1.0243591031364758
-0.6399735009924242,-33.24473391346652,-7.586955913621068,13.05549074775945,-13.323787167100193,-11.518833223157174,1.2372006166190772
7.575744377358138e-12,-34.650947162973466,-6.265286084849322,13.410390219913666,-13.15417510211671,-10.781544195315803,1.6615294004056977
-1.5353016419924244,-41.33997580291151,-6.742057399146233,12.815162087930844,-13.21604590759,-10.34955659467522,1.9434182410477092
7.575744377358138e-12,-46.18601164953134,-6.213103916575392,14.06344524464555,-13.790363958385626,-10.266568414223968,2.0840652403228432
7.575744377358138e-12,-48.26229098644279,-6.517318088254342,14.696017163217789,-13.018522032841815,-9.841733011684198,2.434819721290694
-0.18956629899242425,-43.472135519697304,-5.9329017269953965,14.200770196643361,-12.311310054849855,-9.407519720570576,2.644683386982706
7.575744377358138e-12,-42.15632910898245,-7.11237199637344,14.748812962083093,-12.398359911376588,-9.510825283884913,2.7843482141548748
7.575744377358138e-12,-42.88379219525024,-8.286356406522145,14.920901469473165,-12.114750556976844,-9.210149766571249,3.1326592594368776
7.575744377358138e-12,-44.80298974466211,-7.973908935539384,15.227020201120581,-11.827446871591064,-9.533796575837698,3.4104372158271303
-1.3552462879924243,-49.33344832969618,-8.450708540829737,15.637973395532299,-12.179357778095095,-9.353896582689742,3.4797613087247328
7.575744377358138e-12,-55.9936479402304,-7.436368907522365,15.672216458680168,-12.165515339704427,-9.048495629543993,3.618265485990946
7.575744377358138e-12,-55.40382841432651,-7.732626787006211,15.556051956980696,-12.285111539871593,-9.152173838335898,3.8256627259038964
0.20915943500757575,-58.328961845000634,-7.713725985435758,15.298427015132006,-11.913479398353445,-8.677147370210946,3.963688972799673
7.575744377358138e-12,-55.20245322270165,-6.942499079960271,14.759363372315761,-11.909560961233751,-7.922413461512804,4.376628307000772
-5.333741962992423,-63.781422144750536,-6.836791367479464,15.351820768804942,-11.612788013129318,-7.5012609042451,4.650976901575859
7.575744377358138e-12,-78.03776782594466,-6.19751377286957,15.82925876756758,-11.03033702383027,-6.96941377509296,4.856245533350091
7.575744377358138e-12,-74.71655440533331,-5.775662020283562,17.059038902034786,-11.070232458562998,-6.597579809672425,4.856245533350091
7.575744377358138e-12,-76.46712067583451,-6.069825314003083,16.028536984934135,-10.740817511522891,-6.580342388782526,5.129283245635804
-5.023511549992424,-77.55463682783505,-6.219600527197144,16.223280871328143,-9.959238133890892,-5.548056565000934,5.401577491481419
7.575744377358138e-12,-66.52875649993169,-6.9811241697641435,16.046180803993707,-9.313848676718692,-5.023617832268258,5.469535360219879
7.575744377358138e-12,-57.97018431639711,-6.24893098768257,16.146589976088876,-8.796750769449716,-4.493403850798643,5.673132308729691
-0.6560623929924243,-51.79763872338907,-5.731558052077844,16.495320576954896,-8.050688463225754,-3.8568327822203514,5.943951702417621
7.575744377358138e-12,-49.139042954747424,-6.387408587878099,16.5995242976428,-7.818570686821204,-3.6997987904762795,6.28144780407024
7.575744377358138e-12,-56.22396261473827,-6.564988386923233,16.533256918389725,-6.781762143704327,-3.1169203048738154,6.68494532528814
7.575744377358138e-12,-61.56015912631531,-5.566234982393098,17.387942664776006,-6.417505105485986,-2.756046723014606,6.886085185256661
7.575744377358138e-12,-60.20542580334387,-4.756466387095998,17.885636324527695,-5.677673360614278,-1.9029115079446228,6.953042000613948
1.6996799790075756,-58.29455699408035,-4.474136078552419,17.948917853205785,-4.811806957399483,-1.2774861993842705,7.220421839054211
7.575744377358138e-12,-63.82770817090642,-3.9558876477558442,18.374985550295378,-3.691954326372354,-0.24644427700485494,7.420488594683832
7.575744377358138e-12,-59.370347335595284,-4.610386414620507,17.301055601847565,-4.039297679559638,-0.06606507873146938,7.686623149635238
7.575744377358138e-12,-56.678276260599944,-3.772845394771366,17.381473638151647,-3.8412852855194046,-0.20213430218626627,7.952051308122577
7.575744377358138e-12,-56.76901118214528,-4.980511399491888,17.0180950385527,-3.9036854215532912,-0.06552225908194487,8.150661105285508
7.575744377358138e-12,-50.290924552726835,-3.686757627425095,17.36729247345329,-3.453718325241539,-0.08384405086871993,8.546701226895209
7.575744377358138e-12,-51.14476023893758,-3.679140680628734,17.131812108564304,-3.8467638648404545,0.20051157689806587,8.744134657266898
0.3596725630075757,-58.26280495548494,-5.065720783984943,18.651190073162752,-3.3517003441078828,0.542751628724659,8.941179055996827
7.575744377358138e-12,-64.66700544760874,-3.529036887289294,17.86300619203348,-3.4646052632756437,0.1448697141000821,9.072326615777854
7.575744377358138e-12,-60.73035128492555,-3.3191287801298586,16.74258724320123,-2.8364279137189214,1.4038939143229072,9.268726024243847
7.575744377358138e-12,-59.757915110253066,-2.69012997618438,17.66544286999749,-2.8231911588235334,1.7978731688333482,9.399444997106059
7.575744377358138e-12,-64.44905856758828,-3.2329835714244837,17.51213704557506,-2.825609146921977,1.6872566370433333,9.66037143346739
-0.12630706099242425,-61.47430397115727,-2.91684413643884,18.394851977771964,-2.311601225659331,1.9398958644220556,9.79057978519728
7.575744377358138e-12,-55.93174486110786,-2.297748092370739,17.253927811058702,-1.532539068302583,2.3252809327917703,9.920618815225566
7.575744377358138e-12,-57.294103399113055,-2.409179965343583,16.472278574030838,-1.7263458088396533,1.6736543518384792,10.43909048864424
7.575744377358138e-12,-56.48651344363833,-1.7822422151507453,17.2389851151662,-1.7554084503738068,3.22289323287157,10.632826422666938
7.575744377358138e-12,-45.46821546567594,-2.0167928245223266,16.538328822327685,-1.2572736116758847,3.1169976234240266,10.954887892671081
7.575744377358138e-12,-36.00785477028114,-2.2497924478132063,16.28683520241384,-0.8557535046835483,4.017855101448731,11.339997482880904
7.575744377358138e-12,-46.56163698702494,-2.249397261092554,16.620713044852437,-0.19310123448656213,4.752634771703356,11.53199754186329
0.9605858840075757,-50.590670400262866,-1.7455106217687444,17.177448143422225,-0.04772951389458058,5.580089985894631,11.723629666939757
7.575744377358138e-12,-46.615664318012875,-1.6098701327725848,16.783019566620624,0.2639988451773547,5.4076944090506345,11.914895265573023
7.575744377358138e-12,-43.785270048324094,-2.12705932777817,17.60521894027545,0.6788100714773577,6.003844650686688,12.042202730252825
7.575744377358138e-12,-35.26138542468544,-1.3866293314599716,16.744648092540274,1.1787462599658625,6.687703511268978,12.359764127641483
7.575744377358138e-12,-31.854868899235612,-0.8284927671020341,16.856465810237864,1.4638396051502127,6.619819626896742,12.676320264097626
4.016847353007576,-37.067516458451394,-0.13117378019023818,16.527060927386742,1.9175506414848087,7.48426578375927,12.991877483978556
7.575744377358138e-12,-30.473397675661886,0.7517912396472184,15.865541013421648,2.45282799551768,8.12973196605509,13.243608265116336
7.575744377358138e-12,-31.53203943383545,0.6503879691251768,17.028004951621483,2.7767477908786873,8.255679557026326,13.431991366353714
7.575744377358138e-12,-44.23108544440947,1.1969191317252807,16.63687740365731,3.335388215200453,9.452973108919878,13.620020252838913
7.575744377358138e-12,-49.94333366290971,1.1753833723537355,17.472265313501566,4.1409368266917,10.155266184383038,13.682618063959637
7.575744377358138e-12,-56.24717077948836,1.9750589471536841,17.4165030394621,4.677105346862334,10.181359484616905,13.745176714733077
7.575744377358138e-12,-50.77108016964928,0.9796689946790593,17.16796025952783,4.898085857528372,10.780120889757313,13.745176714733077
-2.1762023009924243,-59.26329147061699,-0.20649347248013328,16.120700894217975,5.792532597522779,11.268509446659834,13.932618194168128
7.575744377358138e-12,-57.016812427350914,0.4799795409917351,15.824979091512319,6.154315753643743,12.017636297034642,14.057384273983644
7.575744377358138e-12,-55.74916596496274,1.8247438668731775,15.237620176933774,6.5954741264856125,13.065000538168022,14.306450405228816
7.575744377358138e-12,-56.70255075875181,2.3554467838571327,15.753303307309238,7.097554681061467,13.963022526560053,14.554897737994963
7.575744377358138e-12,-49.72342068783735,3.134289944562852,16.012990910033523,7.770892747340099,14.814702192157313,14.740828997013352
7.575744377358138e-12,-55.110285174640524,2.915448343675507,17.97512260534404,7.620825215220634,15.685160833936152,14.864591389048314
-0.7622865659924243,-64.79240825078716,2.634334177503888,17.70825097234956,7.556832112855773,15.993171608373302,14.926415193181413
7.575744377358138e-12,-74.11454297545464,4.456107508790183,17.64007254235605,7.344016727187238,16.50039952540044,15.049948253980574
7.575744377358138e-12,-78.08210638432331,4.998251610475791,17.340816604575593,8.127004451228743,16.618192004784248,15.049948253980574
-2.4473884729924245,-84.77701260258601,4.825261808106006,16.648993982621505,7.815964629332541,16.701654449522266,15.049948253980574
7.575744377358138e-12,-82.14250342141472,4.622092333842147,18.140359724170935,7.74142038909298,17.054822876145067,15.173328898873478
7.575744377358138e-12,-86.21765949535612,3.827190192996113,19.382987972926117,7.98443341658043,17.69621714768192,15.419634442113306
-0.3519516109924243,-94.76070365552602,3.415781627018305,17.850241043857068,7.7828979801275295,17.06328452543994,15.542560087586253
7.575744377358138e-12,-91.97775289295751,3.2220727955334496,17.994520531396915,7.678938937616465,16.709687048106616,15.787958983742897
7.575744377358138e-12,-97.3492451446867,1.7291781887204252,18.16466505799326,8.02044323105497,18.740146776577035,15.91043297333249
7.575744377358138e-12,-86.16581276300766,1.8607812347509025,17.463981437042662,8.255498880953724,18.562332939028977,15.971613764473034
7.575744377358138e-12,-90.22794019799721,2.04077352738409,18.98601128570874,8.550944871068339,19.35632938133233,16.215963305720607
-2.745740018992424,-101.6688623884281,3.3095842711045407,18.93853524048427,8.713448706748522,19.30055072835455,16.337914540346787
7.575744377358138e-12,-114.88276736816312,3.0458752589693177,18.748780167547125,8.593921021214044,19.68032507258954,16.52056299295026
7.575744377358138e-12,-105.03563146211138,3.3985131813699354,19.836444298907963,9.542534827524776,20.13952525893376,16.702878449101718
7.575744377358138e-12,-108.7942438221167,3.8778432707701995,18.497871029157636,8.965717008984484,20.669225000596384,16.702878449101718
-1.7579983289924244,-88.91663581463303,3.3981396958818095,18.480700504271226,9.7677593143747,20.848509486630746,16.76357647827939
7.575744377358138e-12,-72.79256629734672,1.2217329613251877,18.180686621563723,9.828259896617851,21.103822878847495,17.42883445038217
7.575744377358138e-12,-70.51587095645831,0.9275872867649468,18.58183131253884,10.753052748971356,21.834592899893607,17.489093566396605
7.575744377358138e-12,-69.73023279653799,-0.6812349955218906,18.540299858776848,10.815070040169303,21.67170198167446,17.489093566396605
7.575744377358138e-12,-58.65260640779658,1.6463536390456284,19.087698412483633,11.507099522732688,22.299654877977048,17.90989370641705
7.575744377358138e-12,-53.13214998170105,1.478594852757169,18.455346776933993,11.938216009441987,22.708545780380064,18.149558290877053
-1.2424645119924242,-41.92879426381694,1.5458691114581598,17.833384974072942,12.58522971193571,22.311807088772127,18.56759413405291
7.575744377358138e-12,-47.43972242090524,2.313742840478426,17.472396741964417,13.16242382401839,23.6146654761111,18.7462187721992
7.575744377358138e-12,-37.82234346460092,2.2822041985839405,16.895750668850496,14.102562316226795,24.090514465858803,18.924524911564845
7.575744377358138e-12,-33.71022822328695,1.0508279608538942,16.65389520602389,15.029735627568584,24.85508501457963,19.161772946927954
7.575744377358138e-12,-29.874731754555683,2.66792904539102,16.437180435574078,14.784651567125252,24.856883101098333,19.457543644651196
7.575744377358138e-12,-22.606232790562046,3.5545080886095093,16.74185023428754,15.148882377172129,25.14489957359268,19.870158435768417
0.7096637450075757,-21.369601733627746,3.602123874119343,15.96033159858905,15.650387217445768,25.544654232947835,20.45667038100828
7.575744377358138e-12,-36.25888250830292,4.583714924321612,15.921185382008048,16.636629997932346,26.270805885410027,20.3981737428968
7.575744377358138e-12,-25.270819937788417,5.336845137835098,15.276525524460112,17.139195751508908,26.455218204317873,20.573561101506357
-0.7298180599924243,-15.780378782909338,5.032898933199476,15.7840415909493,17.239138923232247,26.54646501974173,21.155973930105233
7.575744377358138e-12,-22.76112472544122,5.947179295484148,16.055201339856694,17.6002403764777,26.408157665064266,21.44591324600549
7.575744377358138e-12,-18.005350719481157,7.144122237804822,16.231034001119156,18.084119695348534,26.089291585034402,21.44591324600549
3.9335058170075756,-10.34853695718607,7.157878294592365,16.344697698191908,17.861510933829948,26.498302902839953,21.965694953367233
7.575744377358138e-12,-12.910798833421154,7.7953111328499745,15.743679655856909,18.19244633827884,26.198197953559543,22.138356866766003
0.6374754800075757,-9.170393716851436,8.58626023712327,16.070795881159825,18.555669638704103,26.21552015064185,22.310721172582475
7.575744377358138e-12,-28.355448787325997,6.780830836961513,17.061460709028324,18.912506492379975,25.94386347442787,22.54007907129244
-1.3064702789924243,-25.066666104782712,6.66305477616288,15.540990447577542,17.559005654708187,25.28338419063101,23.111182850843875
7.575744377358138e-12,-25.192829005411568,5.983129984456582,13.880042441226465,18.387360658762702,24.6697087223655,23.338714234557415
-0.47290633199242427,-33.59219713503137,6.942903637496556,15.806496530623122,17.453139904979196,24.41177056617886,23.39551628095819
7.575744377358138e-12,-33.14026703874606,5.588465200107066,16.94998207159631,17.01171629845112,24.177980466499207,23.56572908801138
7.575744377358138e-12,-29.259530811718207,4.578916712385308,16.195351895277668,16.991311833745954,23.50933965549666,24.074636038758513
0.9661455240075757,-33.18373995669651,2.250761389673926,14.095758748477351,16.747707416507524,22.89144171890547,24.299988246802855
2.0124643970075757,-37.27073487006351,5.139294196976834,15.050955490694719,16.04969317572545,22.314193956659096,24.13102171829007
7.575744377358138e-12,-33.48690068977612,5.3945304553431015,15.663534323571525,16.59696410003238,22.129803457100195,24.13102171829007
1.7600117360075758,-39.843115779238076,4.7010149309546705,16.006590658205937,15.912426463683857,21.778325703383302,24.524833760303864
7.575744377358138e-12,-54.854762978119794,4.556118369241858,16.115670071313502,15.583961914902432,21.328688246393483,24.243697786549205
-7.232375139992424,-66.94324136439673,5.076246302942764,16.03047102183757,15.314449424244515,20.80269965389442,24.187375622289323
-1.9071329749924242,-68.6305213784704,4.4627592892672965,16.598938959295424,15.391760125266558,20.848619581141293,24.13102171829007
7.575744377358138e-12,-67.0558539889102,3.198873154889043,17.222065127256315,16.446385123572497,21.415099412280995,24.299988246802855
7.575744377358138e-12,-61.92757846201687,3.3387377528797515,18.473143804757683,16.175676428048234,21.43710097437122,24.468669759950785
0.030215420007575745,-45.87425696665997,3.0412875507581703,17.885204439675817,17.14511388766175,22.24180312987579,24.749174852711576
7.575744377358138e-12,-39.01892140431033,2.2560503960974074,16.54305347104662,17.844791588684643,22.64660495512726,25.196352791850927
7.575744377358138e-12,-36.31543125257451,3.1193997923637653,17.603439730026707,18.223433503996205,23.081863468353276,25.30783552357559
1.1217104020075757,-42.08261345209746,2.9038135736552704,18.022324482823592,18.41886389047818,24.026224534187463,25.363530317552204
7.575744377358138e-12,-36.890111703745674,3.5942963404750117,17.35372002023439,18.82237256184777,23.79388207491496,25.585999819763288
7.575744377358138e-12,-31.960254317050328,3.184082445643071,17.6383371237215,19.16547321708896,23.82637414189935,25.863392508035872
0.7893563340075758,-27.681145078480995,3.984285755037945,15.826711172293358,19.461945729800448,23.970643877598377,26.029459526549886
7.575744377358138e-12,-30.70478377842352,6.055167184960965,18.000018019362415,19.57109238357748,23.638222703148926,26.250454091630104
7.575744377358138e-12,-40.23844871369215,6.197546238445966,18.156881733100022,19.921369111188767,24.14570898531497,26.415880101232688
1.6736048180075758,-29.07889036995516,3.760406712282247,18.08544637102625,19.580476741758503,23.65802789506438,26.581032905080065
1.9961480310075757,-18.21666805408387,4.564328734152696,18.47721192736003,20.692874289128895,24.232275295132865,27.02011154682907
7.575744377358138e-12,-10.241462377166329,6.8854844984998635,18.389616869420365,20.667914307561773,24.54968207307013,27.566262549381236
-0.028947432992424256,-17.0911705322049,7.650451488650333,19.391633817339425,20.720401492575263,24.322169539816855,27.729527891769862
0.7627046180075757,-33.90414317770444,6.092082507333316,19.573907564058914,20.4259915094579,23.60181374014519,27.348159954745256
7.575744377358138e-12,-34.13039408400408,6.087894219965619,18.99808016814177,20.268015642582725,23.621733226930814,27.184270270424236
0.8940317220075757,-25.4674980530458,4.9030088641009115,19.797387885328476,20.72918165083695,23.76800913017297,27.293559898788658
-0.007174350992424255,-25.66452847131012,5.809562011083926,20.99869839561461,21.466706048863557,24.186818692364227,27.620713952850224
7.575744377358138e-12,-23.436528579605294,6.471006530973909,21.366903202890626,21.337505250376807,23.997851321722862,28.055261078800413
2.4548953370075757,-34.79442713954404,7.434999001841106,22.325956240777487,22.281776407127552,24.624344557581253,28.379936688687508
7.575744377358138e-12,-27.72342538220539,8.724375012537848,22.257018738106808,23.187445973112233,24.74936417439551,28.27182857005016
7.575744377358138e-12,-25.302603813712665,9.052990449557228,22.576436950908715,23.51738763925465,25.569966607210404,28.325897238574726
0.8677237060075758,-22.219886849332624,10.812154176214108,22.881628938998347,24.250911840910078,25.49863442050173,28.59580293549118
7.575744377358138e-12,-16.264437885049006,10.377798643869028,22.87539029939535,24.089236994644182,25.696956881709752,29.026142491496557
2.6572864930075757,-15.116772686418301,10.349066150705312,23.602178019588223,25.38543245377008,26.302815912016,29.24061978550992
-0.7236122609924243,-9.678937292202193,10.27194088371607,23.262938183797587,25.36186986512672,25.812681863335115,29.454638058746696
7.575744377358138e-12,-10.02975685665956,10.224607382048362,24.034481512794173,26.012619206999943,26.242853900063437,29.614851711174424
7.575744377358138e-12,-1.1206596430382092,9.77156844465776,24.48853021828461,26.345747001121367,27.055169255698615,30.04083744587024
-0.9271917039924242,-7.2661874576645005,11.987274660541289,24.693438330817685,26.269324242429946,26.236073323179824,30.412092181488674
7.575744377358138e-12,-0.5850050780277911,12.61151914877155,24.30854338475922,26.954734636792978,26.996070932898704,30.517912297183443
7.575744377358138e-12,9.296717300994146,11.198598925446504,23.107554544670734,27.007436768579453,27.077412640840294,30.570780392519964
-1.6672926519924243,11.202652549640447,12.052471113241836,23.847874980977053,27.410022285863135,27.15631088223489,30.88740334832505
7.575744377358138e-12,25.195954431920143,12.891967835224023,24.790871789069797,27.85916389680864,28.098061230230257,31.41289063216084
7.575744377358138e-12,15.525062820731648,12.4312678364156,26.3671775626608,28.006339245437346,28.284554490783364,31.883479735902142
-3.2285237239924243,4.335714857075459,11.929429827346212,25.558276029115973,28.359837149080363,29.00434178535977,31.883479735902142
2.1197729210075757,12.17712360632919,12.318763251233804,25.653228986693193,29.133636894984022,29.462450978519087,31.83130128441826
7.575744377358138e-12,14.144284015290168,12.698433079359802,25.459935583436845,29.193514501427273,30.13903217157383,32.247968553902865
3.0058310390075755,26.194374548282042,13.125638277743974,26.718615013673798,29.429265587447503,29.982399500320696,32.61113367418909
7.575744377358138e-12,23.517933833519237,13.521328120676799,26.977422237663745,30.156581794408396,30.116656755139616,32.92137177203733
7.575744377358138e-12,17.32666003213717,13.732815531606093,28.12498716063169,29.780320009575462,30.28109452543862,32.869732214989995
0.2883430640075757,29.411679551929637,13.217510194359193,27.37315326908879,30.447963593391137,30.688415661083127,32.92137177203733
7.575744377358138e-12,33.039668319107136,13.002635472395696,28.097237237359877,30.537100108516256,30.365114048145244,33.53897538209367
7.575744377358138e-12,42.57444545606745,13.060297041025706,28.531451653457452,30.856742475883777,30.56791188687356,34.152788050972276
-1.7250305109924242,42.12625429235891,12.46009059086964,28.88450161114463,30.940639491986246,28.714626272973987,35.52024415298956
7.575744377358138e-12,36.97207423384168,12.590398906521614,29.062563265169388,31.51713260379364,29.95908444039486,35.67103583775736
7.575744377358138e-12,30.72737025224768,13.221830066101802,28.93444573530246,32.57669814230081,30.977053530533226,35.16751010119276
2.916772207007576,32.64707585446001,13.608615316459236,29.299326846942904,33.23677880776671,31.57112931727363,35.16751010119276
-0.20465893999242427,41.783513839557145,12.951987978204443,28.00021368483067,33.11127775008413,31.689245540553145,35.77143745261708
7.575744377358138e-12,35.62794703169493,12.83582679430333,28.99232217980432,33.977596295171224,31.73289839636027,35.82160048351602
-1.8893189099924244,37.51734861551614,12.635795103557712,28.971393488955528,34.29168140457449,31.919935482442725,35.9719387729192
7.575744377358138e-12,47.268914251867045,12.72581805650293,29.18155282297994,34.70048195156312,32.34881742450233,36.4714403109715
7.575744377358138e-12,48.74816795702657,12.117953694866628,28.966024445103017,35.37507177014248,32.209074761941565,36.7699479953169
-1.2414646329924244,48.52827929523505,11.976141650538239,28.874979475936698,35.7018257189884,32.57348859937059,37.018025522693165
7.575744377358138e-12,52.7320657447936,13.377437624466438,29.37352740732001,36.02647297427683,32.542640919581515,37.561639413919124
7.575744377358138e-12,50.44485802786198,12.961315777231448,29.388510585939912,36.41825087923809,32.88847104306279,38.00422680960469
-1.1840092499924242,37.5073058727005,12.568006578532959,29.59002416567489,36.799378166307974,32.71526549137667,37.51234190244509
-1.0727311389924243,29.817251197236487,13.03129403606772,30.181060621564598,37.05587899327446,32.67086564164583,37.067567262621424
7.575744377358138e-12,30.596491375191476,12.529997651430676,31.012128094857644,38.24067549176084,32.584748079987605,37.11708447086278
1.7175376120075758,34.43632332692226,12.22982267574389,29.560699889834154,38.88073341263993,33.63383712765676,37.660161589376116
7.575744377358138e-12,21.457146942610507,11.749812705850218,29.64111043916205,39.46206739374804,33.14221754495196,37.825952194999445
7.575744377358138e-12,29.31508812398431,12.10117966639109,30.334393163588175,39.6737396279222,34.162185821526975,38.21303710835332
-0.7444881279924243,30.966430073041806,11.994993002746696,29.666711247871376,40.3259648580098,34.34310275068793,38.73170185767333
7.575744377358138e-12,36.14477455812721,12.320211674454413,29.993508426627614,40.46141331237425,35.06571164642577,39.031318805873184
7.575744377358138e-12,34.93188316173513,11.67239909991531,31.02740618198243,41.374359190423206,35.10676991919411,39.443766471565596
7.575744377358138e-12,40.84262309606106,11.136576561819084,31.27884939106923,41.523377537378224,35.113834061610135,39.67517368951144
7.575744377358138e-12,50.13105328776078,11.838851515728038,30.888234403382967,41.970265754161005,35.06895872834991,39.85307493617961
7.575744377358138e-12,47.65758959210933,10.945665257633891,30.108882314148673,42.399516935790814,35.2608267713519,39.8838982561914
1.1402694320075757,57.1430379008533,12.01615712262469,29.93873286297776,42.463252792388914,35.60737302979419,40.30675828073527
7.575744377358138e-12,64.38708106391539,12.939929795830494,28.883244247481457,43.119577141183186,35.12710184511275,40.61460772084513
7.575744377358138e-12,72.92413390896354,12.541669074169931,28.68803497956901,43.534087241314694,35.65779896859766,41.397424129132446
-0.8878845679924243,69.53281250052487,13.14519573576763,29.15452640080605,43.74679722104537,35.6500135720986,41.686806469427324
7.575744377358138e-12,70.50985842839634,13.25940101725314,29.330646959166984,45.22150256339688,35.36305050349313,42.03098400614476
-2.567445011992424,72.81762935254847,13.507826080227915,28.852627574265057,44.676965815246774,35.033617166114254,42.272474869890175
4.2200239880075765,82.63298312214346,13.750584320109056,30.41673079299744,44.36295828205181,34.78855745248029,42.629639059164674
7.575744377358138e-12,88.83138629875157,12.950290686857215,29.4118108289249,44.7918061112681,34.04107081594526,42.86080975571542
7.575744377358138e-12,99.02674407551262,13.380222823056101,29.00217488384658,43.90765373099191,33.535648187008064,43.45081496252783
7.575744377358138e-12,104.57321171545442,13.406583725043447,28.714194675361455,44.17060252878548,33.37123496624724,44.49318684224443
7.575744377358138e-12,103.49507149724457,14.409954751126861,29.964568999077073,43.50216806777672,32.844050397373906,45.20479338159487
7.575744377358138e-12,90.16233945025448,12.794859689988243,30.729095730246854,42.59814631668684,31.34904924849468,45.05583492076539
-0.8103959229924242,78.53625327758124,11.41695353234877,31.200754586057656,41.57951600177063,26.9482285013421,45.14130755073268
-5.355466026992424,48.9818856388012,12.86962935194424,31.372878093659324,40.02283265619462,27.888750413465573,44.277745910776844
7.575744377358138e-12,21.917426990297542,12.65306531512806,31.829902020385816,37.28159210189256,26.65300497112355,42.491336501495084
-2.225182945992424,-10.923929713867608,11.563181304847376,32.61247937830058,34.01637909601732,23.68403632386844,41.66457599608691
7.575744377358138e-12,-9.436672246612318,10.033776811954112,32.83216792637177,31.14624346610799,21.288688223942415,41.917333429313544
7.575744377358138e-12,-16.180684868431342,10.75994059609775,32.63749850199724,31.98853812612799,20.63679385582367,42.28093765245808
1.8787171970075758,4.230936160619763,10.483975907194917,32.505076791212105,31.493930310430358,19.02679590314193,42.182160598330825
7.575744377358138e-12,7.833268909654407,10.695034544804685,32.16856303089685,31.680090972549067,18.1216146145876,42.282818173550595
2.9073265600075757,24.929375395240413,10.124342079666121,31.504126657251277,32.24713279323191,17.046474871856446,42.42985940681524
7.575744377358138e-12,40.469608879861084,10.407052157110911,30.785750934992734,33.219528093939175,16.613942396580228,43.25639539235942
7.575744377358138e-12,32.13691116256547,11.580734099741449,31.501202680523306,34.10046965199757,17.660533991003035,43.22659440684379
7.575744377358138e-12,42.12624969115211,10.872908501038637,31.92700873957756,34.921028129959154,18.759709493698494,43.560880385931796
0.7076300910075757,39.655992816773164,11.537018480776624,31.762025190154986,36.04447806692377,19.509532551738857,43.75378293261542
7.575744377358138e-12,48.11735559414075,12.162524704435555,31.159520845140833,36.52892270049955,19.83336670695968,44.05352643247397
7.575744377358138e-12,50.720239141312504,12.130960188274003,32.491490325054315,37.45607892500169,20.241259402502635,44.38782608696704
1.2375812150075758,45.705935987720295,11.717265324589334,32.27221755278424,38.04433646375497,20.51270833571658,44.43983020244684
7.575744377358138e-12,50.7825255605012,11.941939653817599,32.74690129164776,39.886241339532035,21.65182706255564,44.50468239003146
7.575744377358138e-12,48.54965581731426,12.715188893758523,32.38752973363978,39.75539808456625,22.01724294394637,44.4094594023569
1.5111295260075757,54.63285396206754,13.124445460779043,32.456939205044364,41.20964220648665,22.71189576095594,44.442590726946605
7.575744377358138e-12,58.52056087885671,13.106226124319392,32.07101417052843,41.663485496296346,23.13094575967324,44.465592134734266
7.575744377358138e-12,45.111128618978796,13.191099397146672,32.287583535213116,42.507053192978844,24.622436267864714,44.4136014182767
7.575744377358138e-12,47.17735039454237,13.34193982904776,32.831763048441985,42.31198062353951,24.81435498376527,44.37171313050385
7.575744377358138e-12,48.33520191118538,13.69954613386949,32.64375540132971,42.777337892537446,25.274747684324097,44.558463996639716
7.575744377358138e-12,48.776679640208044,13.610058666423129,33.27787447882076,43.1517069033286,25.69181743218553,44.704493669363615
7.575744377358138e-12,46.63007552869243,14.02231309015724,33.13904735056087,43.382138204300816,25.97231753021208,44.86588830042933
-0.5123249839924243,54.67110193308929,13.877877594793517,34.09343961683919,43.85999354719377,25.73376440134564,45.21346817060885
7.575744377358138e-12,57.11634697750105,14.691910453090259,33.141783202670126,44.434604322314954,25.773388123265306,45.46653185653224
1.0435672960075757,62.3758567141075,14.629921668351926,32.80747268852815,45.60235120905298,26.637524749154124,45.86738500041713
7.575744377358138e-12,62.477943609881436,15.285952505594878,33.00189703583851,46.979664940293844,26.534608681110797,46.19116448849775
7.575744377358138e-12,62.335782682070885,14.960604391593051,32.73792082091302,46.8140649724981,26.09482851873412,46.51209641364028
7.575744377358138e-12,75.72118288805063,13.594625882708215,32.66859768798747,46.52488342512896,27.05237555064025,47.02811755220591
7.575744377358138e-12,81.9226354663216,13.510094550436634,32.989323617761556,46.02404129878835,26.666924735133364,47.49642915711149
7.575744377358138e-12,73.35882722759482,12.498889929202733,32.784830747352544,46.940330031074666,26.889377848711888,47.814095536223476
1.4934246530075757,68.25702260679145,13.562660034753208,32.207034998786526,47.2004346862671,27.125296718851757,47.814095536223476
7.575744377358138e-12,68.92569698124385,13.949745004672877,31.36927033365896,47.504572512078425,27.55522474120147,48.07575658808992
7.575744377358138e-12,56.761680925557926,14.65020172952336,30.21615542799907,47.720815274308165,28.141365212057963,48.39070631698098
7.575744377358138e-12,55.70725523066585,13.776511117390783,29.331071482246898,47.659163693176765,28.065698969259586,48.607625662569376
7.575744377358138e-12,56.56988837285974,14.50291424687839,29.400043512916795,47.672745486171436,28.773633288381802,48.67512363026685
7.575744377358138e-12,68.16229158277719,15.809461578400033,29.717156818658395,47.542897181038654,28.646928803749915,48.859738118316386
-4.994408059992423,69.5278604430174,16.34852877665776,30.05213929674221,47.845477413021115,29.149138704623056,48.88350614251317
7.575744377358138e-12,70.9358467183377,16.53956097146147,29.378034818532,47.86423568755731,29.789585457799376,49.15555535823944
7.575744377358138e-12,72.70767864816071,16.955997402341836,28.91705642368663,48.32010567833305,30.086447018040758,49.36907186192616
7.575744377358138e-12,76.2794651843052,16.5431633300243,29.5888743417039,47.549655584376694,29.528488440516412,49.57820007506598
7.575744377358138e-12,73.38330488874868,16.940915917940174,30.585301000343634,47.12787625836927,30.32796990190087,49.74414115167349
7.575744377358138e-12,64.86896206235377,16.008189351447527,31.140483304776694,47.72206132387254,30.503857011341665,49.53710897464521
1.4473766470075757,51.0509114004372,15.762935869929379,31.61081324516897,47.30415355625996,30.533141476142532,49.45443849488777
7.575744377358138e-12,57.50546003894897,16.02037041099493,31.846967177414058,47.41920411461149,30.76900323660692,49.48331531793792
7.575744377358138e-12,63.771630220747625,16.087754239465085,31.94883400628362,47.3010571499201,30.37862668924157,50.06258709225017
7.575744377358138e-12,63.888609052769255,15.411969917868646,32.46378883573004,46.756066780958406,30.37922720869085,50.53857907859606
7.575744377358138e-12,58.02881971247018,16.077134329518913,31.86464514913837,47.25800283343278,30.67155187602151,50.80789555403601
7.575744377358138e-12,54.89409271234388,16.78953156596367,32.29477140473773,47.26933014054458,31.163323670051398,50.63981993662833
0.9484627660075757,56.724329556072746,16.839265330668695,31.61013274596337,47.42073654828897,31.43891097944106,50.62771104306364
7.575744377358138e-12,63.56991679762507,15.948988030058672,31.643895543770668,47.51972929760683,31.356978558698415,50.825594019711616
7.575744377358138e-12,63.6915184362428,15.674034689069003,31.881642932028967,47.63201195582866,31.921906584121018,51.36711780460712
7.575744377358138e-12,61.562839519409806,15.855965650521057,32.04050133589169,47.679879743875176,32.22194750020196,51.085529807211856
7.575744377358138e-12,60.71307315399338,16.421764420261525,31.571236124395114,47.724238226851185,32.1317051668874,50.87651359377787
-1.4197604059924243,63.59369137503671,16.358135646994924,30.46904559788618,47.75799169507502,32.142916160753714,50.917920568856744
7.575744377358138e-12,64.40526099442502,16.325479023874777,30.855240883630017,47.638415925831225,32.32113973009348,51.15567852105221
7.575744377358138e-12,73.0073535335909,16.968311391335646,31.363934857666436,48.055245958442356,31.754125364562583,51.351232419771804
7.575744377358138e-12,74.62519865817342,16.656656298383723,31.354504002919043,48.34223817268736,32.52138475876569,51.58967698290883
7.575744377358138e-12,74.32442742282285,15.967763939633869,32.753183146102515,48.562250549303315,33.00348248615984,51.627364349522054
7.575744377358138e-12,68.70936370836768,16.439140499843234,32.914120494207395,48.50772023859366,32.908185534351276,51.680873135871025
7.575744377358138e-12,61.64994987399416,16.808895010427932,32.7148087003377,48.95643308140467,33.235346494396936,51.86515218042882
0.9608476150075758,65.32393321178836,17.2563310402536,32.6722823784429,48.94889545013473,33.5163480075729,52.12922012976537
7.575744377358138e-12,61.92514122802237,17.73802282134011,32.70300264255354,49.05778849526433,33.038379219477974,52.39641681007356
7.575744377358138e-12,68.19759841727381,18.387853284470566,32.31981018127135,49.276511493579676,34.03036012285179,52.470747465970476
7.575744377358138e-12,67.99365715423835,17.637088987105926,31.947156344483687,49.331127074803646,34.91938808282521,52.65484942728426
7.575744377358138e-12,69.03106677962114,17.723939123766513,31.49023587906106,49.717872509119275,35.13540524564638,52.8694894797153
7.575744377358138e-12,68.96807245938913,17.336442915135876,31.595205712837355,49.43877507594078,35.420547099546184,53.04019494867191
0.37889858500757573,72.30464842446008,17.861713602951568,31.459424350933887,49.4693207171635,35.79091138473592,53.175622293204015
7.575744377358138e-12,70.07798993551313,18.201301951839696,31.041128524459623,49.546685079573365,35.81186305518685,53.30076108928381
7.575744377358138e-12,63.049024472303245,18.41509954006324,31.71182701673399,48.65357130840738,35.748425746707994,53.28138956872726
7.575744377358138e-12,59.53330771580835,19.546777653176832,31.112046302914564,49.75433935667883,36.04005605579863,53.28686450929399
7.575744377358138e-12,49.606652379591594,20.48643051167096,31.579979372495814,49.07998856785912,36.093856429349444,53.28475879839527
-9.900544745992423,39.01725800702252,20.59749994034246,31.053947720101633,49.655924231500876,36.86936652308975,53.11404879316706
7.575744377358138e-12,14.790900171442786,21.612857029825363,31.513071327237412,50.26618357379857,36.64992270656893,52.78783661828072
7.575744377358138e-12,-7.362630364957624,20.885917656093852,31.689186368166588,50.012243770165185,35.928297080146365,52.17905454849006
7.575744377358138e-12,-0.6750988278124055,20.6276090161673,32.59268259864143,49.72782105978564,35.75516016542349,52.36539396979015
7.575744377358138e-12,-6.575782206470649,21.752293641991855,33.691465142933225,49.8064211379924,35.415408020848645,52.65484942728426
7.575744377358138e-12,6.319569897480164,21.24680487660771,34.131162955482296,49.6398258309149,35.022438991250226,52.743386058212536
7.575744377358138e-12,14.468924969302407,21.195477488757433,34.681654285150785,49.21450033952141,34.66052811857844,53.076073628468066
2.3663428840075755,15.111927387755031,21.721824817332845,34.66043349248207,49.784357485664316,34.38051622045418,53.356748950221004
7.575744377358138e-12,-1.193477504722182,22.373866445738486,34.529406262155135,49.59663899541266,34.88150596082028,53.514440878165715
7.575744377358138e-12,-18.36086106355515,22.186168198193855,35.67222979586552,49.83787927505375,34.87586067876754,53.5127601423394
7.575744377358138e-12,-12.231243469932394,21.92204015943662,36.21177838951451,49.90052589919543,34.58330548189042,53.293181375961694
7.575744377358138e-12,-10.742241735886012,22.09543968541402,36.947916464180935,50.20251866801749,34.39186252705122,53.41817323830526
7.575744377358138e-12,-19.403827231330695,22.826280701674023,37.47738485877005,49.722586256496754,33.80555702062969,53.547629623704665
-2.029615597992424,-32.506004779448006,23.017693746200848,38.3732327882808,49.46403963604405,33.34160408423969,53.444666590941665
7.575744377358138e-12,-48.60995261652613,23.042479971275725,37.78439460936943,50.02913127133678,33.88840750731799,53.51318032894437
7.575744377358138e-12,-52.80512275959015,22.103258583868865,37.89785971222932,49.89755942442753,33.6816850380809,53.32054985480306
7.575744377358138e-12,-31.624616529355194,22.06817408420875,37.484106587935344,49.999103467199006,32.96038088663778,53.526625368165355
7.575744377358138e-12,-23.790702975259876,20.948222207990284,37.91761457486416,50.18945245293821,33.2947596671014,53.87095796174276
7.575744377358138e-12,-10.389684973954331,19.956447351141833,38.36172668512825,50.109987962584455,33.183391820275176,54.120183443151745
0.5338612640075757,-6.359334166676547,21.087423895827442,38.924699893451816,50.73216498652869,33.54253327918616,54.38503564577934
7.575744377358138e-12,-15.158269061892952,21.982300845804502,39.30560550154917,50.20828115404055,33.63209324915471,54.378370811939476
7.575744377358138e-12,-15.214255896674786,21.30576260098087,39.2651033850799,50.64977738073122,33.562894862185374,54.59100979915502
1.4291714320075757,-14.376939651156135,21.714672625465937,38.77858573491653,50.47470991787537,33.4114412034171,54.777061772937714
7.575744377358138e-12,-4.9503885685977025,23.17119829731655,38.80446499350262,50.88053913543183,33.590327962670926,55.046389280338076
7.905614659007576,-13.760617692515893,24.46275997584803,39.19958580796731,51.35162928438751,33.370652148303066,55.21755282047661
2.0003273100075756,-1.1061967264778332,23.80536083828565,39.42061084547663,51.211741045197584,34.16372774200818,55.50753064630874
7.575744377358138e-12,-0.6026240339700735,22.673551327441373,40.04947609672354,51.30828376122997,33.86424584441414,56.018612011523715
7.575744377358138e-12,1.1978141102451332,22.666614738762974,40.13200848535325,51.715443925056945,34.10232165644203,56.048931803614664
7.575744377358138e-12,-6.703173798106548,21.664592954195996,40.20533016123079,52.15944805828144,34.30692629385419,55.89108634046704
7.575744377358138e-12,-3.407974443490275,21.131137298047634,39.636238175636436,52.49923926845895,35.38904229765876,56.04278664261983
-4.4918997679924235,-8.520850002428915,21.859258955079667,38.819312002985725,52.69534823685177,35.409412095221,55.970655196330654
7.575744377358138e-12,-15.62012903247063,22.51533169890331,38.6621489048772,52.70148889667803,35.58476331797175,56.02025115425215
7.575744377358138e-12,-12.544729726797755,23.184682480268066,38.460858248129284,52.505241683231304,35.35267093998726,56.10381182661649
7.575744377358138e-12,-9.984946682974567,22.43239825520959,37.38051595352408,53.24058777816441,34.925030908237204,56.52301742194868
7.575744377358138e-12,-6.806369089524537,22.677395197805254,37.92150764544283,53.29932686374269,35.2193549303754,56.98269109072385
7.575744377358138e-12,-3.4121087479518337,22.950375333412012,36.001089216089326,53.526675175529874,36.85041776628725,57.06017981106754
0.16597383300757573,5.610809087698158,23.7484684051808,36.0344932595284,54.35873219064894,37.109105033577464,57.395406868644045
7.575744377358138e-12,7.574968755995428,23.45078212774615,35.892852322867725,54.51329488560225,37.56367354984775,57.596892438128634
