lag_spec,horizon,var_cov,var_b_cov,lp_cov,lp_b_cov,var_len,var_b_len,lp_len,lp_b_len
p=15,0,0.9029,0.9009,0.9029,0.9002,0.0205,0.0205,0.0205,0.0205
p=15,1,0.8963,0.8976,0.8968,0.8950,0.0366,0.0365,0.0365,0.0367
p=15,2,0.8973,0.8991,0.8925,0.8905,0.0490,0.0487,0.0485,0.0490
p=15,3,0.8885,0.8863,0.8890,0.8871,0.0603,0.0597,0.0594,0.0605
p=15,4,0.8759,0.8692,0.8817,0.8809,0.0700,0.0691,0.0689,0.0706
p=15,5,0.8699,0.8574,0.8775,0.8753,0.0774,0.0761,0.0764,0.0786
p=15,6,0.8526,0.8333,0.8749,0.8763,0.0838,0.0820,0.0829,0.0856
p=15,7,0.8581,0.8364,0.8744,0.8740,0.0903,0.0881,0.0896,0.0929
p=15,8,0.8695,0.8455,0.8726,0.8697,0.0966,0.0939,0.0961,0.1001
p=15,9,0.8654,0.8440,0.8691,0.8652,0.1020,0.0988,0.1019,0.1064
p=15,10,0.8541,0.8292,0.8678,0.8628,0.1070,0.1031,0.1072,0.1124
p=15,11,0.8460,0.8231,0.8621,0.8610,0.1120,0.1075,0.1128,0.1186
p=15,12,0.8516,0.8276,0.8596,0.8588,0.1168,0.1115,0.1182,0.1247
p=15,13,0.8582,0.8382,0.8556,0.8575,0.1207,0.1149,0.1229,0.1299
p=15,14,0.8565,0.8341,0.8566,0.8583,0.1246,0.1180,0.1271,0.1347
p=15,15,0.8566,0.8398,0.8545,0.8554,0.1287,0.1214,0.1317,0.1399
p=15,16,0.8725,0.8592,0.8547,0.8497,0.1306,0.1227,0.1365,0.1452
p=15,17,0.7901,0.7610,0.8530,0.8476,0.1310,0.1228,0.1412,0.1506
p=15,18,0.8018,0.7780,0.8476,0.8474,0.1312,0.1231,0.1465,0.1564
p=15,19,0.8027,0.7811,0.8442,0.8431,0.1311,0.1231,0.1518,0.1622
p=15,20,0.7688,0.7385,0.8467,0.8465,0.1308,0.1230,0.1571,0.1679
p=15,21,0.7304,0.6925,0.8453,0.8449,0.1309,0.1232,0.1621,0.1734
p=15,22,0.7102,0.6673,0.8443,0.8441,0.1313,0.1238,0.1669,0.1789
p=15,23,0.7116,0.6702,0.8438,0.8436,0.1317,0.1244,0.1715,0.1841
p=15,24,0.7126,0.6704,0.8433,0.8457,0.1323,0.1250,0.1758,0.1887
p=15,25,0.7319,0.6935,0.8425,0.8435,0.1331,0.1259,0.1800,0.1936
p=15,26,0.7445,0.7075,0.8412,0.8434,0.1342,0.1268,0.1842,0.1982
p=15,27,0.7284,0.6890,0.8387,0.8425,0.1352,0.1277,0.1884,0.2028
p=15,28,0.7236,0.6840,0.8354,0.8394,0.1364,0.1289,0.1926,0.2073
p=15,29,0.7406,0.7029,0.8342,0.8401,0.1379,0.1304,0.1966,0.2117
p=15,30,0.7486,0.7097,0.8354,0.8385,0.1395,0.1318,0.2007,0.2163
p=15,31,0.7422,0.7034,0.8335,0.8369,0.1408,0.1328,0.2046,0.2207
p=15,32,0.7076,0.6630,0.8338,0.8354,0.1420,0.1337,0.2084,0.2250
p=15,33,0.7099,0.6645,0.8316,0.8353,0.1431,0.1343,0.2121,0.2293
p=15,34,0.7001,0.6543,0.8334,0.8359,0.1437,0.1347,0.2158,0.2334
p=15,35,0.6954,0.6460,0.8303,0.8350,0.1443,0.1349,0.2195,0.2373
p=15,36,0.6836,0.6315,0.8302,0.8362,0.1447,0.1351,0.2231,0.2415
p=15,37,0.6784,0.6248,0.8293,0.8338,0.1452,0.1351,0.2265,0.2456
p=15,38,0.6703,0.6164,0.8303,0.8353,0.1456,0.1354,0.2297,0.2490
p=15,39,0.6744,0.6223,0.8318,0.8365,0.1460,0.1353,0.2329,0.2529
p=15,40,0.6861,0.6362,0.8293,0.8350,0.1462,0.1352,0.2362,0.2564
p=15,41,0.6858,0.6336,0.8289,0.8340,0.1463,0.1351,0.2392,0.2596
p=15,42,0.6800,0.6250,0.8279,0.8357,0.1463,0.1349,0.2418,0.2628
p=15,43,0.6830,0.6273,0.8258,0.8340,0.1460,0.1344,0.2445,0.2659
p=15,44,0.6871,0.6332,0.8262,0.8316,0.1460,0.1340,0.2469,0.2687
p=15,45,0.6824,0.6295,0.8250,0.8324,0.1456,0.1335,0.2493,0.2716
p=15,46,0.6783,0.6220,0.8250,0.8328,0.1452,0.1329,0.2514,0.2743
p=15,47,0.6814,0.6237,0.8257,0.8308,0.1448,0.1324,0.2534,0.2764
p=15,48,0.6809,0.6252,0.8224,0.8290,0.1443,0.1318,0.2555,0.2790
p=15,49,0.6759,0.6204,0.8233,0.8318,0.1437,0.1311,0.2576,0.2812
p=15,50,0.6837,0.6293,0.8213,0.8317,0.1431,0.1304,0.2591,0.2834
p=18,0,0.8967,0.8943,0.8967,0.8934,0.0203,0.0203,0.0203,0.0203
p=18,1,0.8971,0.8961,0.8952,0.8939,0.0364,0.0363,0.0365,0.0367
p=18,2,0.8944,0.8932,0.8919,0.8937,0.0486,0.0484,0.0488,0.0495
p=18,3,0.8911,0.8856,0.8863,0.8907,0.0599,0.0596,0.0603,0.0614
p=18,4,0.8898,0.8808,0.8866,0.8886,0.0697,0.0691,0.0703,0.0721
p=18,5,0.8905,0.8820,0.8850,0.8883,0.0772,0.0763,0.0781,0.0805
p=18,6,0.8877,0.8800,0.8826,0.8857,0.0836,0.0824,0.0848,0.0881
p=18,7,0.8882,0.8765,0.8772,0.8829,0.0904,0.0887,0.0918,0.0957
p=18,8,0.8836,0.8705,0.8722,0.8787,0.0966,0.0944,0.0984,0.1031
p=18,9,0.8810,0.8688,0.8711,0.8769,0.1020,0.0993,0.1042,0.1097
p=18,10,0.8809,0.8693,0.8705,0.8765,0.1071,0.1037,0.1097,0.1159
p=18,11,0.8793,0.8675,0.8700,0.8730,0.1124,0.1084,0.1154,0.1224
p=18,12,0.8810,0.8658,0.8672,0.8731,0.1175,0.1130,0.1208,0.1287
p=18,13,0.8796,0.8656,0.8660,0.8720,0.1218,0.1165,0.1256,0.1342
p=18,14,0.8810,0.8688,0.8645,0.8686,0.1255,0.1196,0.1301,0.1393
p=18,15,0.8831,0.8724,0.8659,0.8674,0.1296,0.1231,0.1348,0.1449
p=18,16,0.8829,0.8776,0.8641,0.8679,0.1336,0.1266,0.1395,0.1502
p=18,17,0.8829,0.8785,0.8633,0.8655,0.1379,0.1302,0.1445,0.1557
p=18,18,0.8840,0.8773,0.8594,0.8617,0.1427,0.1344,0.1497,0.1618
p=18,19,0.8835,0.8792,0.8629,0.8616,0.1461,0.1374,0.1552,0.1681
p=18,20,0.8847,0.8791,0.8598,0.8659,0.1484,0.1393,0.1604,0.1744
p=18,21,0.8870,0.8807,0.8599,0.8625,0.1505,0.1408,0.1655,0.1800
p=18,22,0.8873,0.8776,0.8586,0.8639,0.1519,0.1421,0.1704,0.1858
p=18,23,0.8858,0.8730,0.8573,0.8605,0.1530,0.1433,0.1752,0.1913
p=18,24,0.8855,0.8719,0.8543,0.8613,0.1542,0.1443,0.1797,0.1965
p=18,25,0.8844,0.8702,0.8523,0.8584,0.1556,0.1454,0.1840,0.2017
p=18,26,0.8821,0.8685,0.8502,0.8582,0.1571,0.1468,0.1883,0.2066
p=18,27,0.8811,0.8675,0.8505,0.8561,0.1589,0.1483,0.1924,0.2116
p=18,28,0.8794,0.8629,0.8502,0.8568,0.1607,0.1498,0.1966,0.2164
p=18,29,0.8773,0.8577,0.8523,0.8561,0.1627,0.1516,0.2006,0.2213
p=18,30,0.8757,0.8558,0.8492,0.8567,0.1646,0.1535,0.2045,0.2259
p=18,31,0.8740,0.8542,0.8484,0.8576,0.1668,0.1552,0.2086,0.2308
p=18,32,0.8737,0.8527,0.8480,0.8567,0.1690,0.1568,0.2125,0.2353
p=18,33,0.8762,0.8527,0.8455,0.8550,0.1713,0.1584,0.2164,0.2398
p=18,34,0.8746,0.8486,0.8443,0.8556,0.1730,0.1599,0.2202,0.2445
p=18,35,0.8693,0.8497,0.8415,0.8524,0.1747,0.1612,0.2241,0.2487
p=18,36,0.8673,0.8472,0.8410,0.8486,0.1762,0.1622,0.2278,0.2530
p=18,37,0.8664,0.8440,0.8384,0.8504,0.1772,0.1628,0.2312,0.2572
p=18,38,0.8647,0.8389,0.8381,0.8503,0.1778,0.1632,0.2344,0.2614
p=18,39,0.8648,0.8375,0.8398,0.8529,0.1783,0.1631,0.2376,0.2652
p=18,40,0.8633,0.8339,0.8379,0.8505,0.1786,0.1630,0.2407,0.2689
p=18,41,0.8626,0.8330,0.8395,0.8492,0.1789,0.1629,0.2436,0.2721
p=18,42,0.8601,0.8300,0.8368,0.8501,0.1790,0.1629,0.2464,0.2753
p=18,43,0.8606,0.8270,0.8368,0.8507,0.1790,0.1627,0.2490,0.2784
p=18,44,0.8601,0.8259,0.8360,0.8489,0.1787,0.1622,0.2514,0.2813
p=18,45,0.8588,0.8255,0.8339,0.8482,0.1787,0.1619,0.2537,0.2841
p=18,46,0.8570,0.8251,0.8323,0.8513,0.1784,0.1614,0.2560,0.2872
p=18,47,0.8591,0.8247,0.8340,0.8503,0.1781,0.1606,0.2582,0.2898
p=18,48,0.8583,0.8264,0.8321,0.8487,0.1776,0.1599,0.2602,0.2925
p=18,49,0.8565,0.8274,0.8333,0.8487,0.1769,0.1592,0.2623,0.2945
p=18,50,0.8580,0.8267,0.8323,0.8461,0.1761,0.1585,0.2643,0.2972
